Wed Jul 23 16:07:27 2025       
+-----------------------------------------------------------------------------------------+
| NVIDIA-SMI 550.163.01             Driver Version: 550.163.01     CUDA Version: 12.4     |
|-----------------------------------------+------------------------+----------------------+
| GPU  Name                 Persistence-M | Bus-Id          Disp.A | Volatile Uncorr. ECC |
| Fan  Temp   Perf          Pwr:Usage/Cap |           Memory-Usage | GPU-Util  Compute M. |
|                                         |                        |               MIG M. |
|=========================================+========================+======================|
|   0  NVIDIA A100-SXM4-40GB          On  |   00000000:85:00.0 Off |                    0 |
| N/A   29C    P0             53W /  400W |       1MiB /  40960MiB |      0%      Default |
|                                         |                        |             Disabled |
+-----------------------------------------+------------------------+----------------------+
                                                                                         
+-----------------------------------------------------------------------------------------+
| Processes:                                                                              |
|  GPU   GI   CI        PID   Type   Process name                              GPU Memory |
|        ID   ID                                                               Usage      |
|=========================================================================================|
|  No running processes found                                                             |
+-----------------------------------------------------------------------------------------+
Starting SWAE 3D All Variables inference (5x5x5 OPTIMIZED version)
Job ID: 11199624
Node: gpua[088,095]
Model path: ./save/swae_all_vars_5x5x5_opt_mlp/best_model.pth
Architecture: mlp
Output directory: test_all_vars_5x5x5_opt_results_normalized
Use Float8 quantization: false
Using device: cuda
Loading All Variables 5x5x5 datasets for UNBIASED testing...
🔒 Using FIXED test set (5% of data) - NEVER seen during training
🔒 Creating 5x5x5 datasets with FIXED splits: train=80.0%, val=15.0%, test=5.0%
🎯 Using FIXED seed=42 to ensure test set is always the same samples
⚠️  Warning: Test ratio is 5.0%, not the intended 5%
Found 38 HDF5 files in /u/tawal/BSSN-Extracted-Data/tt_q01/
Loading bssn_gr_0_extracted.hdf5...
Available keys: ['centers', 'dx', 'dy', 'dz', 'levels', 'var_data', 'vars', 'vars_use']
Available variables: ['U_ALPHA', 'U_CHI', 'U_K', 'U_GT0', 'U_GT1', 'U_GT2', 'U_BETA0', 'U_BETA1', 'U_BETA2', 'U_B0', 'U_B1', 'U_B2', 'U_SYMGT0', 'U_SYMGT1', 'U_SYMGT2', 'U_SYMGT3', 'U_SYMGT4', 'U_SYMGT5', 'U_SYMAT0', 'U_SYMAT1', 'U_SYMAT2', 'U_SYMAT3', 'U_SYMAT4', 'U_SYMAT5', 'C_HAM', 'C_MOM0', 'C_MOM1', 'C_MOM2', 'C_PSI4_REAL', 'C_PSI4_IMG']
Variables to load (U_ prefix only): ['U_ALPHA', 'U_CHI', 'U_K', 'U_GT0', 'U_GT1', 'U_GT2', 'U_BETA0', 'U_BETA1', 'U_BETA2', 'U_B0', 'U_B1', 'U_B2', 'U_SYMGT0', 'U_SYMGT1', 'U_SYMGT2', 'U_SYMGT3', 'U_SYMGT4', 'U_SYMGT5', 'U_SYMAT0', 'U_SYMAT1', 'U_SYMAT2', 'U_SYMAT3', 'U_SYMAT4', 'U_SYMAT5']
Excluded variables: ['C_HAM', 'C_MOM0', 'C_MOM1', 'C_MOM2', 'C_PSI4_REAL', 'C_PSI4_IMG']
  Loaded 24 variables, total samples in file: 53952
Loading bssn_gr_10000_extracted.hdf5...
  Loaded 24 variables, total samples in file: 53952
Loading bssn_gr_10400_extracted.hdf5...
  Loaded 24 variables, total samples in file: 54240
Loading bssn_gr_10800_extracted.hdf5...
  Loaded 24 variables, total samples in file: 53664
Loading bssn_gr_11200_extracted.hdf5...
  Loaded 24 variables, total samples in file: 53232
Loading bssn_gr_11600_extracted.hdf5...
  Loaded 24 variables, total samples in file: 53952
Loading bssn_gr_12000_extracted.hdf5...
  Loaded 24 variables, total samples in file: 53376
Loading bssn_gr_1200_extracted.hdf5...
  Loaded 24 variables, total samples in file: 53376
Loading bssn_gr_12400_extracted.hdf5...
  Loaded 24 variables, total samples in file: 53376
Loading bssn_gr_12800_extracted.hdf5...
  Loaded 24 variables, total samples in file: 53664
Loading bssn_gr_13200_extracted.hdf5...
  Loaded 24 variables, total samples in file: 53520
Loading bssn_gr_13600_extracted.hdf5...
  Loaded 24 variables, total samples in file: 53376
Loading bssn_gr_14000_extracted.hdf5...
  Loaded 24 variables, total samples in file: 53376
Loading bssn_gr_14400_extracted.hdf5...
  Loaded 24 variables, total samples in file: 53808
Loading bssn_gr_14800_extracted.hdf5...
  Loaded 24 variables, total samples in file: 53232
Loading bssn_gr_15200_extracted.hdf5...
  Loaded 24 variables, total samples in file: 52368
Loading bssn_gr_15600_extracted.hdf5...
  Loaded 24 variables, total samples in file: 53232
Loading bssn_gr_16000_extracted.hdf5...
  Loaded 24 variables, total samples in file: 54240
Loading bssn_gr_1600_extracted.hdf5...
  Loaded 24 variables, total samples in file: 53952
Loading bssn_gr_16400_extracted.hdf5...
  Loaded 24 variables, total samples in file: 53664
Loading bssn_gr_16800_extracted.hdf5...
  Loaded 24 variables, total samples in file: 53376
Loading bssn_gr_17200_extracted.hdf5...
  Loaded 24 variables, total samples in file: 52800
Loading bssn_gr_17600_extracted.hdf5...
  Loaded 24 variables, total samples in file: 53088
Loading bssn_gr_18000_extracted.hdf5...
  Loaded 24 variables, total samples in file: 53808
Loading bssn_gr_18400_extracted.hdf5...
  Loaded 24 variables, total samples in file: 53664
Loading bssn_gr_18800_extracted.hdf5...
  Loaded 24 variables, total samples in file: 53520
Loading bssn_gr_19200_extracted.hdf5...
  Loaded 24 variables, total samples in file: 52368
Loading bssn_gr_19600_extracted.hdf5...
  Loaded 24 variables, total samples in file: 54096
Loading bssn_gr_2000_extracted.hdf5...
  Loaded 24 variables, total samples in file: 54816
Loading bssn_gr_2400_extracted.hdf5...
  Loaded 24 variables, total samples in file: 53664
Loading bssn_gr_2800_extracted.hdf5...
  Loaded 24 variables, total samples in file: 53088
Loading bssn_gr_3200_extracted.hdf5...
  Loaded 24 variables, total samples in file: 52944
Loading bssn_gr_3600_extracted.hdf5...
  Loaded 24 variables, total samples in file: 53520
Loading bssn_gr_4000_extracted.hdf5...
  Loaded 24 variables, total samples in file: 53088
Loading bssn_gr_400_extracted.hdf5...
  Loaded 24 variables, total samples in file: 53664
Loading bssn_gr_4400_extracted.hdf5...
  Loaded 24 variables, total samples in file: 52224
Loading bssn_gr_4800_extracted.hdf5...
  Loaded 24 variables, total samples in file: 53232
Loading bssn_gr_5200_extracted.hdf5...
  Loaded 24 variables, total samples in file: 53520
Extracting 5x5x5 center crop from 7x7x7 data...
Original data shape: (2032032, 7, 7, 7)
Cropped data shape: (2032032, 5, 5, 5)
Crop indices: [:, 1:6, 1:6, 1:6]
Final data shape: (2032032, 1, 5, 5, 5)
Created sample_var_mapping with 2032032 entries
Sample variable distribution: {'U_ALPHA': 84668, 'U_B0': 84668, 'U_B1': 84668, 'U_B2': 84668, 'U_BETA0': 84668, 'U_BETA1': 84668, 'U_BETA2': 84668, 'U_CHI': 84668, 'U_GT0': 84668, 'U_GT1': 84668, 'U_GT2': 84668, 'U_K': 84668, 'U_SYMAT0': 84668, 'U_SYMAT1': 84668, 'U_SYMAT2': 84668, 'U_SYMAT3': 84668, 'U_SYMAT4': 84668, 'U_SYMAT5': 84668, 'U_SYMGT0': 84668, 'U_SYMGT1': 84668, 'U_SYMGT2': 84668, 'U_SYMGT3': 84668, 'U_SYMGT4': 84668, 'U_SYMGT5': 84668}
🔒 Applied deterministic shuffle with seed=42 for reproducible splits
🔒 FIXED Data Split: 2032032 total → 1625625 train (80.0%), 304804 val (15.0%), 101603 test (5.0%)
🎯 TEST SET: 101603 samples (5%) - NEVER seen during training/validation
Using training data: (1625625, 1, 5, 5, 5)
Applying per-sample positive-shift log normalization...
Applied per-sample positive-shift log normalization:
  epsilon=1e-06
  Per-sample data_min range: [-1.717225, 1.410157]
  Result should have mean~4.5, std~1.1 properties
All Variables Dataset (5x5x5) initialized:
  Split: train
  Data shape: (1625625, 1, 5, 5, 5)
  Variables included: ['U_ALPHA', 'U_CHI', 'U_K', 'U_GT0', 'U_GT1', 'U_GT2', 'U_BETA0', 'U_BETA1', 'U_BETA2', 'U_B0', 'U_B1', 'U_B2', 'U_SYMGT0', 'U_SYMGT1', 'U_SYMGT2', 'U_SYMGT3', 'U_SYMGT4', 'U_SYMGT5', 'U_SYMAT0', 'U_SYMAT1', 'U_SYMAT2', 'U_SYMAT3', 'U_SYMAT4', 'U_SYMAT5']
  Number of variables: 24
  Split ratios: train=80.0%, val=15.0%, test=5.0%
  Data range: [-13.122363, 0.967318]
  Data mean: -6.954347
  Data std: 3.116470
Found 38 HDF5 files in /u/tawal/BSSN-Extracted-Data/tt_q01/
Loading bssn_gr_0_extracted.hdf5...
Available keys: ['centers', 'dx', 'dy', 'dz', 'levels', 'var_data', 'vars', 'vars_use']
Available variables: ['U_ALPHA', 'U_CHI', 'U_K', 'U_GT0', 'U_GT1', 'U_GT2', 'U_BETA0', 'U_BETA1', 'U_BETA2', 'U_B0', 'U_B1', 'U_B2', 'U_SYMGT0', 'U_SYMGT1', 'U_SYMGT2', 'U_SYMGT3', 'U_SYMGT4', 'U_SYMGT5', 'U_SYMAT0', 'U_SYMAT1', 'U_SYMAT2', 'U_SYMAT3', 'U_SYMAT4', 'U_SYMAT5', 'C_HAM', 'C_MOM0', 'C_MOM1', 'C_MOM2', 'C_PSI4_REAL', 'C_PSI4_IMG']
Variables to load (U_ prefix only): ['U_ALPHA', 'U_CHI', 'U_K', 'U_GT0', 'U_GT1', 'U_GT2', 'U_BETA0', 'U_BETA1', 'U_BETA2', 'U_B0', 'U_B1', 'U_B2', 'U_SYMGT0', 'U_SYMGT1', 'U_SYMGT2', 'U_SYMGT3', 'U_SYMGT4', 'U_SYMGT5', 'U_SYMAT0', 'U_SYMAT1', 'U_SYMAT2', 'U_SYMAT3', 'U_SYMAT4', 'U_SYMAT5']
Excluded variables: ['C_HAM', 'C_MOM0', 'C_MOM1', 'C_MOM2', 'C_PSI4_REAL', 'C_PSI4_IMG']
  Loaded 24 variables, total samples in file: 53952
Loading bssn_gr_10000_extracted.hdf5...
  Loaded 24 variables, total samples in file: 53952
Loading bssn_gr_10400_extracted.hdf5...
  Loaded 24 variables, total samples in file: 54240
Loading bssn_gr_10800_extracted.hdf5...
  Loaded 24 variables, total samples in file: 53664
Loading bssn_gr_11200_extracted.hdf5...
  Loaded 24 variables, total samples in file: 53232
Loading bssn_gr_11600_extracted.hdf5...
  Loaded 24 variables, total samples in file: 53952
Loading bssn_gr_12000_extracted.hdf5...
  Loaded 24 variables, total samples in file: 53376
Loading bssn_gr_1200_extracted.hdf5...
  Loaded 24 variables, total samples in file: 53376
Loading bssn_gr_12400_extracted.hdf5...
  Loaded 24 variables, total samples in file: 53376
Loading bssn_gr_12800_extracted.hdf5...
  Loaded 24 variables, total samples in file: 53664
Loading bssn_gr_13200_extracted.hdf5...
  Loaded 24 variables, total samples in file: 53520
Loading bssn_gr_13600_extracted.hdf5...
  Loaded 24 variables, total samples in file: 53376
Loading bssn_gr_14000_extracted.hdf5...
  Loaded 24 variables, total samples in file: 53376
Loading bssn_gr_14400_extracted.hdf5...
  Loaded 24 variables, total samples in file: 53808
Loading bssn_gr_14800_extracted.hdf5...
  Loaded 24 variables, total samples in file: 53232
Loading bssn_gr_15200_extracted.hdf5...
  Loaded 24 variables, total samples in file: 52368
Loading bssn_gr_15600_extracted.hdf5...
  Loaded 24 variables, total samples in file: 53232
Loading bssn_gr_16000_extracted.hdf5...
  Loaded 24 variables, total samples in file: 54240
Loading bssn_gr_1600_extracted.hdf5...
  Loaded 24 variables, total samples in file: 53952
Loading bssn_gr_16400_extracted.hdf5...
  Loaded 24 variables, total samples in file: 53664
Loading bssn_gr_16800_extracted.hdf5...
  Loaded 24 variables, total samples in file: 53376
Loading bssn_gr_17200_extracted.hdf5...
  Loaded 24 variables, total samples in file: 52800
Loading bssn_gr_17600_extracted.hdf5...
  Loaded 24 variables, total samples in file: 53088
Loading bssn_gr_18000_extracted.hdf5...
  Loaded 24 variables, total samples in file: 53808
Loading bssn_gr_18400_extracted.hdf5...
  Loaded 24 variables, total samples in file: 53664
Loading bssn_gr_18800_extracted.hdf5...
  Loaded 24 variables, total samples in file: 53520
Loading bssn_gr_19200_extracted.hdf5...
  Loaded 24 variables, total samples in file: 52368
Loading bssn_gr_19600_extracted.hdf5...
  Loaded 24 variables, total samples in file: 54096
Loading bssn_gr_2000_extracted.hdf5...
  Loaded 24 variables, total samples in file: 54816
Loading bssn_gr_2400_extracted.hdf5...
  Loaded 24 variables, total samples in file: 53664
Loading bssn_gr_2800_extracted.hdf5...
  Loaded 24 variables, total samples in file: 53088
Loading bssn_gr_3200_extracted.hdf5...
  Loaded 24 variables, total samples in file: 52944
Loading bssn_gr_3600_extracted.hdf5...
  Loaded 24 variables, total samples in file: 53520
Loading bssn_gr_4000_extracted.hdf5...
  Loaded 24 variables, total samples in file: 53088
Loading bssn_gr_400_extracted.hdf5...
  Loaded 24 variables, total samples in file: 53664
Loading bssn_gr_4400_extracted.hdf5...
  Loaded 24 variables, total samples in file: 52224
Loading bssn_gr_4800_extracted.hdf5...
  Loaded 24 variables, total samples in file: 53232
Loading bssn_gr_5200_extracted.hdf5...
  Loaded 24 variables, total samples in file: 53520
Extracting 5x5x5 center crop from 7x7x7 data...
Original data shape: (2032032, 7, 7, 7)
Cropped data shape: (2032032, 5, 5, 5)
Crop indices: [:, 1:6, 1:6, 1:6]
Final data shape: (2032032, 1, 5, 5, 5)
Created sample_var_mapping with 2032032 entries
Sample variable distribution: {'U_ALPHA': 84668, 'U_B0': 84668, 'U_B1': 84668, 'U_B2': 84668, 'U_BETA0': 84668, 'U_BETA1': 84668, 'U_BETA2': 84668, 'U_CHI': 84668, 'U_GT0': 84668, 'U_GT1': 84668, 'U_GT2': 84668, 'U_K': 84668, 'U_SYMAT0': 84668, 'U_SYMAT1': 84668, 'U_SYMAT2': 84668, 'U_SYMAT3': 84668, 'U_SYMAT4': 84668, 'U_SYMAT5': 84668, 'U_SYMGT0': 84668, 'U_SYMGT1': 84668, 'U_SYMGT2': 84668, 'U_SYMGT3': 84668, 'U_SYMGT4': 84668, 'U_SYMGT5': 84668}
🔒 Applied deterministic shuffle with seed=42 for reproducible splits
🔒 FIXED Data Split: 2032032 total → 1625625 train (80.0%), 304804 val (15.0%), 101603 test (5.0%)
🎯 TEST SET: 101603 samples (5%) - NEVER seen during training/validation
Using validation data: (304804, 1, 5, 5, 5)
Applying per-sample positive-shift log normalization...
Applied per-sample positive-shift log normalization:
  epsilon=1e-06
  Per-sample data_min range: [-1.717225, 1.390746]
  Result should have mean~4.5, std~1.1 properties
All Variables Dataset (5x5x5) initialized:
  Split: val
  Data shape: (304804, 1, 5, 5, 5)
  Variables included: ['U_ALPHA', 'U_CHI', 'U_K', 'U_GT0', 'U_GT1', 'U_GT2', 'U_BETA0', 'U_BETA1', 'U_BETA2', 'U_B0', 'U_B1', 'U_B2', 'U_SYMGT0', 'U_SYMGT1', 'U_SYMGT2', 'U_SYMGT3', 'U_SYMGT4', 'U_SYMGT5', 'U_SYMAT0', 'U_SYMAT1', 'U_SYMAT2', 'U_SYMAT3', 'U_SYMAT4', 'U_SYMAT5']
  Number of variables: 24
  Split ratios: train=80.0%, val=15.0%, test=5.0%
  Data range: [-13.122363, 0.965167]
  Data mean: -6.951138
  Data std: 3.113283
Found 38 HDF5 files in /u/tawal/BSSN-Extracted-Data/tt_q01/
Loading bssn_gr_0_extracted.hdf5...
Available keys: ['centers', 'dx', 'dy', 'dz', 'levels', 'var_data', 'vars', 'vars_use']
Available variables: ['U_ALPHA', 'U_CHI', 'U_K', 'U_GT0', 'U_GT1', 'U_GT2', 'U_BETA0', 'U_BETA1', 'U_BETA2', 'U_B0', 'U_B1', 'U_B2', 'U_SYMGT0', 'U_SYMGT1', 'U_SYMGT2', 'U_SYMGT3', 'U_SYMGT4', 'U_SYMGT5', 'U_SYMAT0', 'U_SYMAT1', 'U_SYMAT2', 'U_SYMAT3', 'U_SYMAT4', 'U_SYMAT5', 'C_HAM', 'C_MOM0', 'C_MOM1', 'C_MOM2', 'C_PSI4_REAL', 'C_PSI4_IMG']
Variables to load (U_ prefix only): ['U_ALPHA', 'U_CHI', 'U_K', 'U_GT0', 'U_GT1', 'U_GT2', 'U_BETA0', 'U_BETA1', 'U_BETA2', 'U_B0', 'U_B1', 'U_B2', 'U_SYMGT0', 'U_SYMGT1', 'U_SYMGT2', 'U_SYMGT3', 'U_SYMGT4', 'U_SYMGT5', 'U_SYMAT0', 'U_SYMAT1', 'U_SYMAT2', 'U_SYMAT3', 'U_SYMAT4', 'U_SYMAT5']
Excluded variables: ['C_HAM', 'C_MOM0', 'C_MOM1', 'C_MOM2', 'C_PSI4_REAL', 'C_PSI4_IMG']
  Loaded 24 variables, total samples in file: 53952
Loading bssn_gr_10000_extracted.hdf5...
  Loaded 24 variables, total samples in file: 53952
Loading bssn_gr_10400_extracted.hdf5...
  Loaded 24 variables, total samples in file: 54240
Loading bssn_gr_10800_extracted.hdf5...
  Loaded 24 variables, total samples in file: 53664
Loading bssn_gr_11200_extracted.hdf5...
  Loaded 24 variables, total samples in file: 53232
Loading bssn_gr_11600_extracted.hdf5...
  Loaded 24 variables, total samples in file: 53952
Loading bssn_gr_12000_extracted.hdf5...
  Loaded 24 variables, total samples in file: 53376
Loading bssn_gr_1200_extracted.hdf5...
  Loaded 24 variables, total samples in file: 53376
Loading bssn_gr_12400_extracted.hdf5...
  Loaded 24 variables, total samples in file: 53376
Loading bssn_gr_12800_extracted.hdf5...
  Loaded 24 variables, total samples in file: 53664
Loading bssn_gr_13200_extracted.hdf5...
  Loaded 24 variables, total samples in file: 53520
Loading bssn_gr_13600_extracted.hdf5...
  Loaded 24 variables, total samples in file: 53376
Loading bssn_gr_14000_extracted.hdf5...
  Loaded 24 variables, total samples in file: 53376
Loading bssn_gr_14400_extracted.hdf5...
  Loaded 24 variables, total samples in file: 53808
Loading bssn_gr_14800_extracted.hdf5...
  Loaded 24 variables, total samples in file: 53232
Loading bssn_gr_15200_extracted.hdf5...
  Loaded 24 variables, total samples in file: 52368
Loading bssn_gr_15600_extracted.hdf5...
  Loaded 24 variables, total samples in file: 53232
Loading bssn_gr_16000_extracted.hdf5...
  Loaded 24 variables, total samples in file: 54240
Loading bssn_gr_1600_extracted.hdf5...
  Loaded 24 variables, total samples in file: 53952
Loading bssn_gr_16400_extracted.hdf5...
  Loaded 24 variables, total samples in file: 53664
Loading bssn_gr_16800_extracted.hdf5...
  Loaded 24 variables, total samples in file: 53376
Loading bssn_gr_17200_extracted.hdf5...
  Loaded 24 variables, total samples in file: 52800
Loading bssn_gr_17600_extracted.hdf5...
  Loaded 24 variables, total samples in file: 53088
Loading bssn_gr_18000_extracted.hdf5...
  Loaded 24 variables, total samples in file: 53808
Loading bssn_gr_18400_extracted.hdf5...
  Loaded 24 variables, total samples in file: 53664
Loading bssn_gr_18800_extracted.hdf5...
  Loaded 24 variables, total samples in file: 53520
Loading bssn_gr_19200_extracted.hdf5...
  Loaded 24 variables, total samples in file: 52368
Loading bssn_gr_19600_extracted.hdf5...
  Loaded 24 variables, total samples in file: 54096
Loading bssn_gr_2000_extracted.hdf5...
  Loaded 24 variables, total samples in file: 54816
Loading bssn_gr_2400_extracted.hdf5...
  Loaded 24 variables, total samples in file: 53664
Loading bssn_gr_2800_extracted.hdf5...
  Loaded 24 variables, total samples in file: 53088
Loading bssn_gr_3200_extracted.hdf5...
  Loaded 24 variables, total samples in file: 52944
Loading bssn_gr_3600_extracted.hdf5...
  Loaded 24 variables, total samples in file: 53520
Loading bssn_gr_4000_extracted.hdf5...
  Loaded 24 variables, total samples in file: 53088
Loading bssn_gr_400_extracted.hdf5...
  Loaded 24 variables, total samples in file: 53664
Loading bssn_gr_4400_extracted.hdf5...
  Loaded 24 variables, total samples in file: 52224
Loading bssn_gr_4800_extracted.hdf5...
  Loaded 24 variables, total samples in file: 53232
Loading bssn_gr_5200_extracted.hdf5...
  Loaded 24 variables, total samples in file: 53520
Extracting 5x5x5 center crop from 7x7x7 data...
Original data shape: (2032032, 7, 7, 7)
Cropped data shape: (2032032, 5, 5, 5)
Crop indices: [:, 1:6, 1:6, 1:6]
Final data shape: (2032032, 1, 5, 5, 5)
Created sample_var_mapping with 2032032 entries
Sample variable distribution: {'U_ALPHA': 84668, 'U_B0': 84668, 'U_B1': 84668, 'U_B2': 84668, 'U_BETA0': 84668, 'U_BETA1': 84668, 'U_BETA2': 84668, 'U_CHI': 84668, 'U_GT0': 84668, 'U_GT1': 84668, 'U_GT2': 84668, 'U_K': 84668, 'U_SYMAT0': 84668, 'U_SYMAT1': 84668, 'U_SYMAT2': 84668, 'U_SYMAT3': 84668, 'U_SYMAT4': 84668, 'U_SYMAT5': 84668, 'U_SYMGT0': 84668, 'U_SYMGT1': 84668, 'U_SYMGT2': 84668, 'U_SYMGT3': 84668, 'U_SYMGT4': 84668, 'U_SYMGT5': 84668}
🔒 Applied deterministic shuffle with seed=42 for reproducible splits
🔒 FIXED Data Split: 2032032 total → 1625625 train (80.0%), 304804 val (15.0%), 101603 test (5.0%)
🎯 TEST SET: 101603 samples (5%) - NEVER seen during training/validation
Using test data: (101603, 1, 5, 5, 5)
Applying per-sample positive-shift log normalization...
Applied per-sample positive-shift log normalization:
  epsilon=1e-06
  Per-sample data_min range: [-1.651963, 1.401762]
  Result should have mean~4.5, std~1.1 properties
All Variables Dataset (5x5x5) initialized:
  Split: test
  Data shape: (101603, 1, 5, 5, 5)
  Variables included: ['U_ALPHA', 'U_CHI', 'U_K', 'U_GT0', 'U_GT1', 'U_GT2', 'U_BETA0', 'U_BETA1', 'U_BETA2', 'U_B0', 'U_B1', 'U_B2', 'U_SYMGT0', 'U_SYMGT1', 'U_SYMGT2', 'U_SYMGT3', 'U_SYMGT4', 'U_SYMGT5', 'U_SYMAT0', 'U_SYMAT1', 'U_SYMAT2', 'U_SYMAT3', 'U_SYMAT4', 'U_SYMAT5']
  Number of variables: 24
  Split ratios: train=80.0%, val=15.0%, test=5.0%
  Data range: [-13.122363, 0.942625]
  Data mean: -6.958734
  Data std: 3.123329
🎯 Using FIXED TEST dataset (5% of data): 101603 samples
📊 Data splits: Train=1625625 (80%), Val=304804 (15%), Test=101603 (5%)
⚠️  CRITICAL: Testing on held-out test set - NEVER seen during training or validation
🔒 Test set is deterministic (seed=42) - same samples across all runs
Loading model from ./save/swae_all_vars_5x5x5_opt_mlp/best_model.pth
Model loaded successfully (epoch 189)
Model parameters: latent_dim=8, lambda_reg=1.0, arch=mlp

🚀 SPEED BENCHMARKING
Benchmarking compression/decompression speeds...
Samples: 100, Batch size: 32
Created 3 test batches for benchmarking
  Benchmarking batch 1/3...
  Benchmarking batch 2/3...
  Benchmarking batch 3/3...
VTI files will be saved for the first 2 samples of each variable

Running validation inference...
Processing 5 samples per variable type...
Note: Two comparison plots will be generated for each sample:
      1. Normalized (log pos) scale - as model sees the data
      2. Denormalized (original) scale - in physical units
      VTI files will be saved in normalized (log pos) scale
      Metrics are calculated on denormalized (original physical units) data

Collecting samples by variable type...
Found 24 unique variables in test set
  U_CHI: 4307 samples available
  U_SYMGT0: 4193 samples available
  U_GT1: 4233 samples available
  U_BETA1: 4283 samples available
  U_SYMAT0: 4139 samples available
  U_SYMGT1: 4223 samples available
  U_ALPHA: 4198 samples available
  U_BETA0: 4190 samples available
  U_B1: 4123 samples available
  U_SYMGT2: 4232 samples available
  U_SYMAT4: 4211 samples available
  U_B0: 4298 samples available
  U_SYMAT1: 4247 samples available
  U_GT0: 4220 samples available
  U_SYMGT5: 4239 samples available
  U_SYMAT3: 4310 samples available
  U_SYMAT5: 4269 samples available
  U_SYMGT3: 4173 samples available
  U_K: 4299 samples available
  U_BETA2: 4305 samples available
  U_B2: 4276 samples available
  U_SYMAT2: 4212 samples available
  U_GT2: 4216 samples available
  U_SYMGT4: 4207 samples available

Processing variable: U_ALPHA
Saved comparison plot: test_all_vars_5x5x5_opt_results_normalized/U_ALPHA/sample_000_comparison_slices_normalized.png
Saved comparison plot: test_all_vars_5x5x5_opt_results_normalized/U_ALPHA/sample_000_comparison_slices_denormalized.png
Saved VTI file: test_all_vars_5x5x5_opt_results_normalized/U_ALPHA/vti_files/sample_000_original_normalized.vti
Saved VTI file: test_all_vars_5x5x5_opt_results_normalized/U_ALPHA/vti_files/sample_000_reconstructed_normalized.vti
Saved VTI file: test_all_vars_5x5x5_opt_results_normalized/U_ALPHA/vti_files/sample_000_error_normalized.vti
  Sample 1/5 for U_ALPHA:
    Normalized (log pos) range: [-13.122363, -3.076946]
    Denormalized (original) range: [0.302745, 0.348843]
    MSE (on denormalized): 0.045869
    PSNR (on denormalized): 33.42 dB
    MAE (on denormalized): 0.149055
    Mean Relative Error: 3.49%
    ✓ Saved VTI files in normalized (log pos) scale
Saved comparison plot: test_all_vars_5x5x5_opt_results_normalized/U_ALPHA/sample_001_comparison_slices_normalized.png
Saved comparison plot: test_all_vars_5x5x5_opt_results_normalized/U_ALPHA/sample_001_comparison_slices_denormalized.png
Saved VTI file: test_all_vars_5x5x5_opt_results_normalized/U_ALPHA/vti_files/sample_001_original_normalized.vti
Saved VTI file: test_all_vars_5x5x5_opt_results_normalized/U_ALPHA/vti_files/sample_001_reconstructed_normalized.vti
Saved VTI file: test_all_vars_5x5x5_opt_results_normalized/U_ALPHA/vti_files/sample_001_error_normalized.vti
  Sample 2/5 for U_ALPHA:
    Normalized (log pos) range: [-13.122363, -2.984382]
    Denormalized (original) range: [0.232378, 0.282947]
    MSE (on denormalized): 0.129760
    PSNR (on denormalized): 28.99 dB
    MAE (on denormalized): 0.294923
    Mean Relative Error: 7.47%
    ✓ Saved VTI files in normalized (log pos) scale
Saved comparison plot: test_all_vars_5x5x5_opt_results_normalized/U_ALPHA/sample_002_comparison_slices_normalized.png
Saved comparison plot: test_all_vars_5x5x5_opt_results_normalized/U_ALPHA/sample_002_comparison_slices_denormalized.png
  Sample 3/5 for U_ALPHA:
    Normalized (log pos) range: [-13.122363, -8.535714]
    Denormalized (original) range: [0.997914, 0.998108]
    MSE (on denormalized): 0.007851
    PSNR (on denormalized): 34.28 dB
    MAE (on denormalized): 0.053354
    Mean Relative Error: 0.56%
Saved comparison plot: test_all_vars_5x5x5_opt_results_normalized/U_ALPHA/sample_003_comparison_slices_normalized.png
Saved comparison plot: test_all_vars_5x5x5_opt_results_normalized/U_ALPHA/sample_003_comparison_slices_denormalized.png
  Sample 4/5 for U_ALPHA:
    Normalized (log pos) range: [-13.122363, -7.891142]
    Denormalized (original) range: [0.996860, 0.997232]
    MSE (on denormalized): 0.028367
    PSNR (on denormalized): 29.84 dB
    MAE (on denormalized): 0.085694
    Mean Relative Error: 0.93%
Saved comparison plot: test_all_vars_5x5x5_opt_results_normalized/U_ALPHA/sample_004_comparison_slices_normalized.png
Saved comparison plot: test_all_vars_5x5x5_opt_results_normalized/U_ALPHA/sample_004_comparison_slices_denormalized.png
  Sample 5/5 for U_ALPHA:
    Normalized (log pos) range: [-13.122363, -3.843993]
    Denormalized (original) range: [0.641128, 0.662534]
    MSE (on denormalized): 0.066228
    PSNR (on denormalized): 31.14 dB
    MAE (on denormalized): 0.213180
    Mean Relative Error: 4.34%

Processing variable: U_B0
Saved comparison plot: test_all_vars_5x5x5_opt_results_normalized/U_B0/sample_005_comparison_slices_normalized.png
Saved comparison plot: test_all_vars_5x5x5_opt_results_normalized/U_B0/sample_005_comparison_slices_denormalized.png
Saved VTI file: test_all_vars_5x5x5_opt_results_normalized/U_B0/vti_files/sample_005_original_normalized.vti
Saved VTI file: test_all_vars_5x5x5_opt_results_normalized/U_B0/vti_files/sample_005_reconstructed_normalized.vti
Saved VTI file: test_all_vars_5x5x5_opt_results_normalized/U_B0/vti_files/sample_005_error_normalized.vti
  Sample 1/5 for U_B0:
    Normalized (log pos) range: [-13.122363, -6.504211]
    Denormalized (original) range: [0.004206, 0.005701]
    MSE (on denormalized): 0.026343
    PSNR (on denormalized): 32.21 dB
    MAE (on denormalized): 0.110591
    Mean Relative Error: 1.43%
    ✓ Saved VTI files in normalized (log pos) scale
Saved comparison plot: test_all_vars_5x5x5_opt_results_normalized/U_B0/sample_006_comparison_slices_normalized.png
Saved comparison plot: test_all_vars_5x5x5_opt_results_normalized/U_B0/sample_006_comparison_slices_denormalized.png
Saved VTI file: test_all_vars_5x5x5_opt_results_normalized/U_B0/vti_files/sample_006_original_normalized.vti
Saved VTI file: test_all_vars_5x5x5_opt_results_normalized/U_B0/vti_files/sample_006_reconstructed_normalized.vti
Saved VTI file: test_all_vars_5x5x5_opt_results_normalized/U_B0/vti_files/sample_006_error_normalized.vti
  Sample 2/5 for U_B0:
    Normalized (log pos) range: [-13.122363, -3.641252]
    Denormalized (original) range: [0.031410, 0.057627]
    MSE (on denormalized): 0.052678
    PSNR (on denormalized): 32.32 dB
    MAE (on denormalized): 0.191007
    Mean Relative Error: 4.21%
    ✓ Saved VTI files in normalized (log pos) scale
Saved comparison plot: test_all_vars_5x5x5_opt_results_normalized/U_B0/sample_007_comparison_slices_normalized.png
Saved comparison plot: test_all_vars_5x5x5_opt_results_normalized/U_B0/sample_007_comparison_slices_denormalized.png
  Sample 3/5 for U_B0:
    Normalized (log pos) range: [-13.122363, -13.121919]
    Denormalized (original) range: [0.000001, 0.000001]
    MSE (on denormalized): 0.026706
    PSNR (on denormalized): -51.31 dB
    MAE (on denormalized): 0.146757
    Mean Relative Error: 1.12%
Saved comparison plot: test_all_vars_5x5x5_opt_results_normalized/U_B0/sample_008_comparison_slices_normalized.png
Saved comparison plot: test_all_vars_5x5x5_opt_results_normalized/U_B0/sample_008_comparison_slices_denormalized.png
  Sample 4/5 for U_B0:
    Normalized (log pos) range: [-13.122363, -8.445728]
    Denormalized (original) range: [0.000364, 0.000576]
    MSE (on denormalized): 0.019157
    PSNR (on denormalized): 30.58 dB
    MAE (on denormalized): 0.088318
    Mean Relative Error: 0.90%
Saved comparison plot: test_all_vars_5x5x5_opt_results_normalized/U_B0/sample_009_comparison_slices_normalized.png
Saved comparison plot: test_all_vars_5x5x5_opt_results_normalized/U_B0/sample_009_comparison_slices_denormalized.png
  Sample 5/5 for U_B0:
    Normalized (log pos) range: [-13.122363, -6.447258]
    Denormalized (original) range: [0.002858, 0.004441]
    MSE (on denormalized): 0.025941
    PSNR (on denormalized): 32.35 dB
    MAE (on denormalized): 0.107052
    Mean Relative Error: 1.35%

Processing variable: U_B1
Saved comparison plot: test_all_vars_5x5x5_opt_results_normalized/U_B1/sample_010_comparison_slices_normalized.png
Saved comparison plot: test_all_vars_5x5x5_opt_results_normalized/U_B1/sample_010_comparison_slices_denormalized.png
Saved VTI file: test_all_vars_5x5x5_opt_results_normalized/U_B1/vti_files/sample_010_original_normalized.vti
Saved VTI file: test_all_vars_5x5x5_opt_results_normalized/U_B1/vti_files/sample_010_reconstructed_normalized.vti
Saved VTI file: test_all_vars_5x5x5_opt_results_normalized/U_B1/vti_files/sample_010_error_normalized.vti
  Sample 1/5 for U_B1:
    Normalized (log pos) range: [-13.122363, -12.964892]
    Denormalized (original) range: [0.000001, 0.000001]
    MSE (on denormalized): 0.026091
    PSNR (on denormalized): -0.22 dB
    MAE (on denormalized): 0.145280
    Mean Relative Error: 1.11%
    ✓ Saved VTI files in normalized (log pos) scale
Saved comparison plot: test_all_vars_5x5x5_opt_results_normalized/U_B1/sample_011_comparison_slices_normalized.png
Saved comparison plot: test_all_vars_5x5x5_opt_results_normalized/U_B1/sample_011_comparison_slices_denormalized.png
Saved VTI file: test_all_vars_5x5x5_opt_results_normalized/U_B1/vti_files/sample_011_original_normalized.vti
Saved VTI file: test_all_vars_5x5x5_opt_results_normalized/U_B1/vti_files/sample_011_reconstructed_normalized.vti
Saved VTI file: test_all_vars_5x5x5_opt_results_normalized/U_B1/vti_files/sample_011_error_normalized.vti
  Sample 2/5 for U_B1:
    Normalized (log pos) range: [-13.122363, -6.073365]
    Denormalized (original) range: [0.004342, 0.006643]
    MSE (on denormalized): 0.013716
    PSNR (on denormalized): 35.59 dB
    MAE (on denormalized): 0.093159
    Mean Relative Error: 1.33%
    ✓ Saved VTI files in normalized (log pos) scale
Saved comparison plot: test_all_vars_5x5x5_opt_results_normalized/U_B1/sample_012_comparison_slices_normalized.png
Saved comparison plot: test_all_vars_5x5x5_opt_results_normalized/U_B1/sample_012_comparison_slices_denormalized.png
  Sample 3/5 for U_B1:
    Normalized (log pos) range: [-13.122363, -6.529210]
    Denormalized (original) range: [-0.004015, -0.002557]
    MSE (on denormalized): 0.011438
    PSNR (on denormalized): 35.80 dB
    MAE (on denormalized): 0.085145
    Mean Relative Error: 1.13%
Saved comparison plot: test_all_vars_5x5x5_opt_results_normalized/U_B1/sample_013_comparison_slices_normalized.png
Saved comparison plot: test_all_vars_5x5x5_opt_results_normalized/U_B1/sample_013_comparison_slices_denormalized.png
  Sample 4/5 for U_B1:
    Normalized (log pos) range: [-13.122363, -7.174311]
    Denormalized (original) range: [-0.002172, -0.001408]
    MSE (on denormalized): 0.038417
    PSNR (on denormalized): 29.64 dB
    MAE (on denormalized): 0.119957
    Mean Relative Error: 1.45%
Saved comparison plot: test_all_vars_5x5x5_opt_results_normalized/U_B1/sample_014_comparison_slices_normalized.png
Saved comparison plot: test_all_vars_5x5x5_opt_results_normalized/U_B1/sample_014_comparison_slices_denormalized.png
  Sample 5/5 for U_B1:
    Normalized (log pos) range: [-13.122363, -8.096131]
    Denormalized (original) range: [-0.000817, -0.000515]
    MSE (on denormalized): 0.012995
    PSNR (on denormalized): 32.89 dB
    MAE (on denormalized): 0.079060
    Mean Relative Error: 0.86%

Processing variable: U_B2
Saved comparison plot: test_all_vars_5x5x5_opt_results_normalized/U_B2/sample_015_comparison_slices_normalized.png
Saved comparison plot: test_all_vars_5x5x5_opt_results_normalized/U_B2/sample_015_comparison_slices_denormalized.png
Saved VTI file: test_all_vars_5x5x5_opt_results_normalized/U_B2/vti_files/sample_015_original_normalized.vti
Saved VTI file: test_all_vars_5x5x5_opt_results_normalized/U_B2/vti_files/sample_015_reconstructed_normalized.vti
Saved VTI file: test_all_vars_5x5x5_opt_results_normalized/U_B2/vti_files/sample_015_error_normalized.vti
  Sample 1/5 for U_B2:
    Normalized (log pos) range: [-13.122363, -6.539420]
    Denormalized (original) range: [0.000314, 0.001757]
    MSE (on denormalized): 0.033816
    PSNR (on denormalized): 31.08 dB
    MAE (on denormalized): 0.127956
    Mean Relative Error: 1.56%
    ✓ Saved VTI files in normalized (log pos) scale
Saved comparison plot: test_all_vars_5x5x5_opt_results_normalized/U_B2/sample_016_comparison_slices_normalized.png
Saved comparison plot: test_all_vars_5x5x5_opt_results_normalized/U_B2/sample_016_comparison_slices_denormalized.png
Saved VTI file: test_all_vars_5x5x5_opt_results_normalized/U_B2/vti_files/sample_016_original_normalized.vti
Saved VTI file: test_all_vars_5x5x5_opt_results_normalized/U_B2/vti_files/sample_016_reconstructed_normalized.vti
Saved VTI file: test_all_vars_5x5x5_opt_results_normalized/U_B2/vti_files/sample_016_error_normalized.vti
  Sample 2/5 for U_B2:
    Normalized (log pos) range: [-13.122363, -8.231806]
    Denormalized (original) range: [0.000030, 0.000294]
    MSE (on denormalized): 0.022988
    PSNR (on denormalized): 30.17 dB
    MAE (on denormalized): 0.090898
    Mean Relative Error: 0.92%
    ✓ Saved VTI files in normalized (log pos) scale
Saved comparison plot: test_all_vars_5x5x5_opt_results_normalized/U_B2/sample_017_comparison_slices_normalized.png
Saved comparison plot: test_all_vars_5x5x5_opt_results_normalized/U_B2/sample_017_comparison_slices_denormalized.png
  Sample 3/5 for U_B2:
    Normalized (log pos) range: [-13.122363, -13.122312]
    Denormalized (original) range: [0.000001, 0.000001]
    MSE (on denormalized): 0.026705
    PSNR (on denormalized): -70.03 dB
    MAE (on denormalized): 0.146763
    Mean Relative Error: 1.12%
Saved comparison plot: test_all_vars_5x5x5_opt_results_normalized/U_B2/sample_018_comparison_slices_normalized.png
Saved comparison plot: test_all_vars_5x5x5_opt_results_normalized/U_B2/sample_018_comparison_slices_denormalized.png
  Sample 4/5 for U_B2:
    Normalized (log pos) range: [-13.122363, -10.096712]
    Denormalized (original) range: [-0.000038, 0.000001]
    MSE (on denormalized): 0.021399
    PSNR (on denormalized): 26.31 dB
    MAE (on denormalized): 0.095279
    Mean Relative Error: 0.90%
Saved comparison plot: test_all_vars_5x5x5_opt_results_normalized/U_B2/sample_019_comparison_slices_normalized.png
Saved comparison plot: test_all_vars_5x5x5_opt_results_normalized/U_B2/sample_019_comparison_slices_denormalized.png
  Sample 5/5 for U_B2:
    Normalized (log pos) range: [-13.122363, -13.122363]
    Denormalized (original) range: [0.000001, 0.000001]
    MSE (on denormalized): 0.026705
    PSNR (on denormalized): inf dB
    MAE (on denormalized): 0.146763
    Mean Relative Error: 1.12%

Processing variable: U_BETA0
Saved comparison plot: test_all_vars_5x5x5_opt_results_normalized/U_BETA0/sample_020_comparison_slices_normalized.png
Saved comparison plot: test_all_vars_5x5x5_opt_results_normalized/U_BETA0/sample_020_comparison_slices_denormalized.png
Saved VTI file: test_all_vars_5x5x5_opt_results_normalized/U_BETA0/vti_files/sample_020_original_normalized.vti
Saved VTI file: test_all_vars_5x5x5_opt_results_normalized/U_BETA0/vti_files/sample_020_reconstructed_normalized.vti
Saved VTI file: test_all_vars_5x5x5_opt_results_normalized/U_BETA0/vti_files/sample_020_error_normalized.vti
  Sample 1/5 for U_BETA0:
    Normalized (log pos) range: [-13.122363, -5.368554]
    Denormalized (original) range: [0.037205, 0.041864]
    MSE (on denormalized): 0.044823
    PSNR (on denormalized): 31.28 dB
    MAE (on denormalized): 0.146327
    Mean Relative Error: 2.23%
    ✓ Saved VTI files in normalized (log pos) scale
Saved comparison plot: test_all_vars_5x5x5_opt_results_normalized/U_BETA0/sample_021_comparison_slices_normalized.png
Saved comparison plot: test_all_vars_5x5x5_opt_results_normalized/U_BETA0/sample_021_comparison_slices_denormalized.png
Saved VTI file: test_all_vars_5x5x5_opt_results_normalized/U_BETA0/vti_files/sample_021_original_normalized.vti
Saved VTI file: test_all_vars_5x5x5_opt_results_normalized/U_BETA0/vti_files/sample_021_reconstructed_normalized.vti
Saved VTI file: test_all_vars_5x5x5_opt_results_normalized/U_BETA0/vti_files/sample_021_error_normalized.vti
  Sample 2/5 for U_BETA0:
    Normalized (log pos) range: [-13.122363, -8.492546]
    Denormalized (original) range: [0.000172, 0.000375]
    MSE (on denormalized): 0.028564
    PSNR (on denormalized): 28.75 dB
    MAE (on denormalized): 0.138270
    Mean Relative Error: 1.43%
    ✓ Saved VTI files in normalized (log pos) scale
Saved comparison plot: test_all_vars_5x5x5_opt_results_normalized/U_BETA0/sample_022_comparison_slices_normalized.png
Saved comparison plot: test_all_vars_5x5x5_opt_results_normalized/U_BETA0/sample_022_comparison_slices_denormalized.png
  Sample 3/5 for U_BETA0:
    Normalized (log pos) range: [-13.122363, -13.115796]
    Denormalized (original) range: [0.000001, 0.000001]
    MSE (on denormalized): 0.026724
    PSNR (on denormalized): -27.92 dB
    MAE (on denormalized): 0.146834
    Mean Relative Error: 1.12%
Saved comparison plot: test_all_vars_5x5x5_opt_results_normalized/U_BETA0/sample_023_comparison_slices_normalized.png
Saved comparison plot: test_all_vars_5x5x5_opt_results_normalized/U_BETA0/sample_023_comparison_slices_denormalized.png
  Sample 4/5 for U_BETA0:
    Normalized (log pos) range: [-13.122363, -3.666396]
    Denormalized (original) range: [-0.218277, -0.192710]
    MSE (on denormalized): 0.125326
    PSNR (on denormalized): 28.53 dB
    MAE (on denormalized): 0.300441
    Mean Relative Error: 6.47%
Saved comparison plot: test_all_vars_5x5x5_opt_results_normalized/U_BETA0/sample_024_comparison_slices_normalized.png
Saved comparison plot: test_all_vars_5x5x5_opt_results_normalized/U_BETA0/sample_024_comparison_slices_denormalized.png
  Sample 5/5 for U_BETA0:
    Normalized (log pos) range: [-13.122363, -4.198929]
    Denormalized (original) range: [-0.122735, -0.107725]
    MSE (on denormalized): 0.112878
    PSNR (on denormalized): 28.48 dB
    MAE (on denormalized): 0.277320
    Mean Relative Error: 5.31%

Processing variable: U_BETA1
Saved comparison plot: test_all_vars_5x5x5_opt_results_normalized/U_BETA1/sample_025_comparison_slices_normalized.png
Saved comparison plot: test_all_vars_5x5x5_opt_results_normalized/U_BETA1/sample_025_comparison_slices_denormalized.png
Saved VTI file: test_all_vars_5x5x5_opt_results_normalized/U_BETA1/vti_files/sample_025_original_normalized.vti
Saved VTI file: test_all_vars_5x5x5_opt_results_normalized/U_BETA1/vti_files/sample_025_reconstructed_normalized.vti
Saved VTI file: test_all_vars_5x5x5_opt_results_normalized/U_BETA1/vti_files/sample_025_error_normalized.vti
  Sample 1/5 for U_BETA1:
    Normalized (log pos) range: [-13.122363, -4.760220]
    Denormalized (original) range: [0.031305, 0.039866]
    MSE (on denormalized): 0.029186
    PSNR (on denormalized): 33.79 dB
    MAE (on denormalized): 0.149640
    Mean Relative Error: 2.66%
    ✓ Saved VTI files in normalized (log pos) scale
Saved comparison plot: test_all_vars_5x5x5_opt_results_normalized/U_BETA1/sample_026_comparison_slices_normalized.png
Saved comparison plot: test_all_vars_5x5x5_opt_results_normalized/U_BETA1/sample_026_comparison_slices_denormalized.png
Saved VTI file: test_all_vars_5x5x5_opt_results_normalized/U_BETA1/vti_files/sample_026_original_normalized.vti
Saved VTI file: test_all_vars_5x5x5_opt_results_normalized/U_BETA1/vti_files/sample_026_reconstructed_normalized.vti
Saved VTI file: test_all_vars_5x5x5_opt_results_normalized/U_BETA1/vti_files/sample_026_error_normalized.vti
  Sample 2/5 for U_BETA1:
    Normalized (log pos) range: [-13.122363, -12.226840]
    Denormalized (original) range: [-0.000004, -0.000001]
    MSE (on denormalized): 0.025153
    PSNR (on denormalized): 15.04 dB
    MAE (on denormalized): 0.141127
    Mean Relative Error: 1.13%
    ✓ Saved VTI files in normalized (log pos) scale
Saved comparison plot: test_all_vars_5x5x5_opt_results_normalized/U_BETA1/sample_027_comparison_slices_normalized.png
Saved comparison plot: test_all_vars_5x5x5_opt_results_normalized/U_BETA1/sample_027_comparison_slices_denormalized.png
  Sample 3/5 for U_BETA1:
    Normalized (log pos) range: [-13.122363, -4.177094]
    Denormalized (original) range: [0.071138, 0.086479]
    MSE (on denormalized): 0.042448
    PSNR (on denormalized): 32.75 dB
    MAE (on denormalized): 0.183947
    Mean Relative Error: 3.72%
Saved comparison plot: test_all_vars_5x5x5_opt_results_normalized/U_BETA1/sample_028_comparison_slices_normalized.png
Saved comparison plot: test_all_vars_5x5x5_opt_results_normalized/U_BETA1/sample_028_comparison_slices_denormalized.png
  Sample 4/5 for U_BETA1:
    Normalized (log pos) range: [-13.122363, -4.025687]
    Denormalized (original) range: [-0.127305, -0.109455]
    MSE (on denormalized): 0.148244
    PSNR (on denormalized): 27.47 dB
    MAE (on denormalized): 0.347086
    Mean Relative Error: 6.84%
Saved comparison plot: test_all_vars_5x5x5_opt_results_normalized/U_BETA1/sample_029_comparison_slices_normalized.png
Saved comparison plot: test_all_vars_5x5x5_opt_results_normalized/U_BETA1/sample_029_comparison_slices_denormalized.png
  Sample 5/5 for U_BETA1:
    Normalized (log pos) range: [-13.122363, -4.846169]
    Denormalized (original) range: [0.017860, 0.025717]
    MSE (on denormalized): 0.082172
    PSNR (on denormalized): 29.21 dB
    MAE (on denormalized): 0.229691
    Mean Relative Error: 4.12%

Processing variable: U_BETA2
Saved comparison plot: test_all_vars_5x5x5_opt_results_normalized/U_BETA2/sample_030_comparison_slices_normalized.png
Saved comparison plot: test_all_vars_5x5x5_opt_results_normalized/U_BETA2/sample_030_comparison_slices_denormalized.png
Saved VTI file: test_all_vars_5x5x5_opt_results_normalized/U_BETA2/vti_files/sample_030_original_normalized.vti
Saved VTI file: test_all_vars_5x5x5_opt_results_normalized/U_BETA2/vti_files/sample_030_reconstructed_normalized.vti
Saved VTI file: test_all_vars_5x5x5_opt_results_normalized/U_BETA2/vti_files/sample_030_error_normalized.vti
  Sample 1/5 for U_BETA2:
    Normalized (log pos) range: [-13.122363, -13.121977]
    Denormalized (original) range: [0.000001, 0.000001]
    MSE (on denormalized): 0.026705
    PSNR (on denormalized): -52.53 dB
    MAE (on denormalized): 0.146759
    Mean Relative Error: 1.12%
    ✓ Saved VTI files in normalized (log pos) scale
Saved comparison plot: test_all_vars_5x5x5_opt_results_normalized/U_BETA2/sample_031_comparison_slices_normalized.png
Saved comparison plot: test_all_vars_5x5x5_opt_results_normalized/U_BETA2/sample_031_comparison_slices_denormalized.png
Saved VTI file: test_all_vars_5x5x5_opt_results_normalized/U_BETA2/vti_files/sample_031_original_normalized.vti
Saved VTI file: test_all_vars_5x5x5_opt_results_normalized/U_BETA2/vti_files/sample_031_reconstructed_normalized.vti
Saved VTI file: test_all_vars_5x5x5_opt_results_normalized/U_BETA2/vti_files/sample_031_error_normalized.vti
  Sample 2/5 for U_BETA2:
    Normalized (log pos) range: [-13.122363, -5.083699]
    Denormalized (original) range: [0.001318, 0.007513]
    MSE (on denormalized): 0.106216
    PSNR (on denormalized): 27.84 dB
    MAE (on denormalized): 0.260860
    Mean Relative Error: 4.06%
    ✓ Saved VTI files in normalized (log pos) scale
Saved comparison plot: test_all_vars_5x5x5_opt_results_normalized/U_BETA2/sample_032_comparison_slices_normalized.png
Saved comparison plot: test_all_vars_5x5x5_opt_results_normalized/U_BETA2/sample_032_comparison_slices_denormalized.png
  Sample 3/5 for U_BETA2:
    Normalized (log pos) range: [-13.122363, -3.952024]
    Denormalized (original) range: [0.003952, 0.023166]
    MSE (on denormalized): 0.036734
    PSNR (on denormalized): 33.60 dB
    MAE (on denormalized): 0.128854
    Mean Relative Error: 2.43%
Saved comparison plot: test_all_vars_5x5x5_opt_results_normalized/U_BETA2/sample_033_comparison_slices_normalized.png
Saved comparison plot: test_all_vars_5x5x5_opt_results_normalized/U_BETA2/sample_033_comparison_slices_denormalized.png
  Sample 4/5 for U_BETA2:
    Normalized (log pos) range: [-13.122363, -4.446470]
    Denormalized (original) range: [0.002506, 0.014224]
    MSE (on denormalized): 0.039542
    PSNR (on denormalized): 32.80 dB
    MAE (on denormalized): 0.162686
    Mean Relative Error: 2.94%
Saved comparison plot: test_all_vars_5x5x5_opt_results_normalized/U_BETA2/sample_034_comparison_slices_normalized.png
Saved comparison plot: test_all_vars_5x5x5_opt_results_normalized/U_BETA2/sample_034_comparison_slices_denormalized.png
  Sample 5/5 for U_BETA2:
    Normalized (log pos) range: [-13.122363, -6.938970]
    Denormalized (original) range: [0.000152, 0.001119]
    MSE (on denormalized): 0.042665
    PSNR (on denormalized): 29.52 dB
    MAE (on denormalized): 0.126945
    Mean Relative Error: 1.49%

Processing variable: U_CHI
Saved comparison plot: test_all_vars_5x5x5_opt_results_normalized/U_CHI/sample_035_comparison_slices_normalized.png
Saved comparison plot: test_all_vars_5x5x5_opt_results_normalized/U_CHI/sample_035_comparison_slices_denormalized.png
Saved VTI file: test_all_vars_5x5x5_opt_results_normalized/U_CHI/vti_files/sample_035_original_normalized.vti
Saved VTI file: test_all_vars_5x5x5_opt_results_normalized/U_CHI/vti_files/sample_035_reconstructed_normalized.vti
Saved VTI file: test_all_vars_5x5x5_opt_results_normalized/U_CHI/vti_files/sample_035_error_normalized.vti
  Sample 1/5 for U_CHI:
    Normalized (log pos) range: [-13.122363, -3.710282]
    Denormalized (original) range: [0.443223, 0.467692]
    MSE (on denormalized): 0.086616
    PSNR (on denormalized): 30.10 dB
    MAE (on denormalized): 0.219806
    Mean Relative Error: 4.82%
    ✓ Saved VTI files in normalized (log pos) scale
Saved comparison plot: test_all_vars_5x5x5_opt_results_normalized/U_CHI/sample_036_comparison_slices_normalized.png
Saved comparison plot: test_all_vars_5x5x5_opt_results_normalized/U_CHI/sample_036_comparison_slices_denormalized.png
Saved VTI file: test_all_vars_5x5x5_opt_results_normalized/U_CHI/vti_files/sample_036_original_normalized.vti
Saved VTI file: test_all_vars_5x5x5_opt_results_normalized/U_CHI/vti_files/sample_036_reconstructed_normalized.vti
Saved VTI file: test_all_vars_5x5x5_opt_results_normalized/U_CHI/vti_files/sample_036_error_normalized.vti
  Sample 2/5 for U_CHI:
    Normalized (log pos) range: [-13.122363, -3.245679]
    Denormalized (original) range: [0.280601, 0.319541]
    MSE (on denormalized): 0.052980
    PSNR (on denormalized): 32.65 dB
    MAE (on denormalized): 0.172968
    Mean Relative Error: 4.36%
    ✓ Saved VTI files in normalized (log pos) scale
Saved comparison plot: test_all_vars_5x5x5_opt_results_normalized/U_CHI/sample_037_comparison_slices_normalized.png
Saved comparison plot: test_all_vars_5x5x5_opt_results_normalized/U_CHI/sample_037_comparison_slices_denormalized.png
  Sample 3/5 for U_CHI:
    Normalized (log pos) range: [-13.122363, -2.857675]
    Denormalized (original) range: [0.045282, 0.102682]
    MSE (on denormalized): 0.036362
    PSNR (on denormalized): 34.62 dB
    MAE (on denormalized): 0.143781
    Mean Relative Error: 3.89%
Saved comparison plot: test_all_vars_5x5x5_opt_results_normalized/U_CHI/sample_038_comparison_slices_normalized.png
Saved comparison plot: test_all_vars_5x5x5_opt_results_normalized/U_CHI/sample_038_comparison_slices_denormalized.png
  Sample 4/5 for U_CHI:
    Normalized (log pos) range: [-13.122363, -5.976215]
    Denormalized (original) range: [0.988387, 0.990923]
    MSE (on denormalized): 0.033531
    PSNR (on denormalized): 31.83 dB
    MAE (on denormalized): 0.131253
    Mean Relative Error: 1.95%
Saved comparison plot: test_all_vars_5x5x5_opt_results_normalized/U_CHI/sample_039_comparison_slices_normalized.png
Saved comparison plot: test_all_vars_5x5x5_opt_results_normalized/U_CHI/sample_039_comparison_slices_denormalized.png
  Sample 5/5 for U_CHI:
    Normalized (log pos) range: [-13.122363, -5.068377]
    Denormalized (original) range: [0.974610, 0.980901]
    MSE (on denormalized): 0.086342
    PSNR (on denormalized): 28.76 dB
    MAE (on denormalized): 0.225001
    Mean Relative Error: 3.74%

Processing variable: U_GT0
Saved comparison plot: test_all_vars_5x5x5_opt_results_normalized/U_GT0/sample_040_comparison_slices_normalized.png
Saved comparison plot: test_all_vars_5x5x5_opt_results_normalized/U_GT0/sample_040_comparison_slices_denormalized.png
Saved VTI file: test_all_vars_5x5x5_opt_results_normalized/U_GT0/vti_files/sample_040_original_normalized.vti
Saved VTI file: test_all_vars_5x5x5_opt_results_normalized/U_GT0/vti_files/sample_040_reconstructed_normalized.vti
Saved VTI file: test_all_vars_5x5x5_opt_results_normalized/U_GT0/vti_files/sample_040_error_normalized.vti
  Sample 1/5 for U_GT0:
    Normalized (log pos) range: [-13.122363, -4.281810]
    Denormalized (original) range: [-0.003146, 0.010670]
    MSE (on denormalized): 0.068198
    PSNR (on denormalized): 30.59 dB
    MAE (on denormalized): 0.193262
    Mean Relative Error: 3.73%
    ✓ Saved VTI files in normalized (log pos) scale
Saved comparison plot: test_all_vars_5x5x5_opt_results_normalized/U_GT0/sample_041_comparison_slices_normalized.png
Saved comparison plot: test_all_vars_5x5x5_opt_results_normalized/U_GT0/sample_041_comparison_slices_denormalized.png
Saved VTI file: test_all_vars_5x5x5_opt_results_normalized/U_GT0/vti_files/sample_041_original_normalized.vti
Saved VTI file: test_all_vars_5x5x5_opt_results_normalized/U_GT0/vti_files/sample_041_reconstructed_normalized.vti
Saved VTI file: test_all_vars_5x5x5_opt_results_normalized/U_GT0/vti_files/sample_041_error_normalized.vti
  Sample 2/5 for U_GT0:
    Normalized (log pos) range: [-13.122363, -3.310967]
    Denormalized (original) range: [0.626676, 0.663155]
    MSE (on denormalized): 0.109008
    PSNR (on denormalized): 29.46 dB
    MAE (on denormalized): 0.289055
    Mean Relative Error: 7.08%
    ✓ Saved VTI files in normalized (log pos) scale
Saved comparison plot: test_all_vars_5x5x5_opt_results_normalized/U_GT0/sample_042_comparison_slices_normalized.png
Saved comparison plot: test_all_vars_5x5x5_opt_results_normalized/U_GT0/sample_042_comparison_slices_denormalized.png
  Sample 3/5 for U_GT0:
    Normalized (log pos) range: [-13.122363, -3.384008]
    Denormalized (original) range: [-0.469197, -0.435288]
    MSE (on denormalized): 0.149795
    PSNR (on denormalized): 28.01 dB
    MAE (on denormalized): 0.336414
    Mean Relative Error: 7.77%
Saved comparison plot: test_all_vars_5x5x5_opt_results_normalized/U_GT0/sample_043_comparison_slices_normalized.png
Saved comparison plot: test_all_vars_5x5x5_opt_results_normalized/U_GT0/sample_043_comparison_slices_denormalized.png
  Sample 4/5 for U_GT0:
    Normalized (log pos) range: [-13.122363, -3.756153]
    Denormalized (original) range: [0.194549, 0.217920]
    MSE (on denormalized): 0.036251
    PSNR (on denormalized): 33.84 dB
    MAE (on denormalized): 0.150225
    Mean Relative Error: 3.03%
Saved comparison plot: test_all_vars_5x5x5_opt_results_normalized/U_GT0/sample_044_comparison_slices_normalized.png
Saved comparison plot: test_all_vars_5x5x5_opt_results_normalized/U_GT0/sample_044_comparison_slices_denormalized.png
  Sample 5/5 for U_GT0:
    Normalized (log pos) range: [-13.122363, -3.253760]
    Denormalized (original) range: [0.158068, 0.196694]
    MSE (on denormalized): 0.150293
    PSNR (on denormalized): 28.12 dB
    MAE (on denormalized): 0.311640
    Mean Relative Error: 7.28%

Processing variable: U_GT1
Saved comparison plot: test_all_vars_5x5x5_opt_results_normalized/U_GT1/sample_045_comparison_slices_normalized.png
Saved comparison plot: test_all_vars_5x5x5_opt_results_normalized/U_GT1/sample_045_comparison_slices_denormalized.png
Saved VTI file: test_all_vars_5x5x5_opt_results_normalized/U_GT1/vti_files/sample_045_original_normalized.vti
Saved VTI file: test_all_vars_5x5x5_opt_results_normalized/U_GT1/vti_files/sample_045_reconstructed_normalized.vti
Saved VTI file: test_all_vars_5x5x5_opt_results_normalized/U_GT1/vti_files/sample_045_error_normalized.vti
  Sample 1/5 for U_GT1:
    Normalized (log pos) range: [-13.122363, -13.122363]
    Denormalized (original) range: [0.000001, 0.000001]
    MSE (on denormalized): 0.026705
    PSNR (on denormalized): inf dB
    MAE (on denormalized): 0.146763
    Mean Relative Error: 1.12%
    ✓ Saved VTI files in normalized (log pos) scale
Saved comparison plot: test_all_vars_5x5x5_opt_results_normalized/U_GT1/sample_046_comparison_slices_normalized.png
Saved comparison plot: test_all_vars_5x5x5_opt_results_normalized/U_GT1/sample_046_comparison_slices_denormalized.png
Saved VTI file: test_all_vars_5x5x5_opt_results_normalized/U_GT1/vti_files/sample_046_original_normalized.vti
Saved VTI file: test_all_vars_5x5x5_opt_results_normalized/U_GT1/vti_files/sample_046_reconstructed_normalized.vti
Saved VTI file: test_all_vars_5x5x5_opt_results_normalized/U_GT1/vti_files/sample_046_error_normalized.vti
  Sample 2/5 for U_GT1:
    Normalized (log pos) range: [-13.122363, -3.236636]
    Denormalized (original) range: [0.073913, 0.113207]
    MSE (on denormalized): 0.119953
    PSNR (on denormalized): 29.11 dB
    MAE (on denormalized): 0.278465
    Mean Relative Error: 6.74%
    ✓ Saved VTI files in normalized (log pos) scale
Saved comparison plot: test_all_vars_5x5x5_opt_results_normalized/U_GT1/sample_047_comparison_slices_normalized.png
Saved comparison plot: test_all_vars_5x5x5_opt_results_normalized/U_GT1/sample_047_comparison_slices_denormalized.png
  Sample 3/5 for U_GT1:
    Normalized (log pos) range: [-13.122363, -5.056663]
    Denormalized (original) range: [0.001597, 0.007962]
    MSE (on denormalized): 0.075559
    PSNR (on denormalized): 29.35 dB
    MAE (on denormalized): 0.215710
    Mean Relative Error: 3.67%
Saved comparison plot: test_all_vars_5x5x5_opt_results_normalized/U_GT1/sample_048_comparison_slices_normalized.png
Saved comparison plot: test_all_vars_5x5x5_opt_results_normalized/U_GT1/sample_048_comparison_slices_denormalized.png
  Sample 4/5 for U_GT1:
    Normalized (log pos) range: [-13.122363, -13.122004]
    Denormalized (original) range: [0.000001, 0.000001]
    MSE (on denormalized): 0.026706
    PSNR (on denormalized): -53.15 dB
    MAE (on denormalized): 0.146768
    Mean Relative Error: 1.12%
Saved comparison plot: test_all_vars_5x5x5_opt_results_normalized/U_GT1/sample_049_comparison_slices_normalized.png
Saved comparison plot: test_all_vars_5x5x5_opt_results_normalized/U_GT1/sample_049_comparison_slices_denormalized.png
  Sample 5/5 for U_GT1:
    Normalized (log pos) range: [-13.122363, -13.122363]
    Denormalized (original) range: [0.000001, 0.000001]
    MSE (on denormalized): 0.026705
    PSNR (on denormalized): inf dB
    MAE (on denormalized): 0.146763
    Mean Relative Error: 1.12%

Processing variable: U_GT2
Saved comparison plot: test_all_vars_5x5x5_opt_results_normalized/U_GT2/sample_050_comparison_slices_normalized.png
Saved comparison plot: test_all_vars_5x5x5_opt_results_normalized/U_GT2/sample_050_comparison_slices_denormalized.png
Saved VTI file: test_all_vars_5x5x5_opt_results_normalized/U_GT2/vti_files/sample_050_original_normalized.vti
Saved VTI file: test_all_vars_5x5x5_opt_results_normalized/U_GT2/vti_files/sample_050_reconstructed_normalized.vti
Saved VTI file: test_all_vars_5x5x5_opt_results_normalized/U_GT2/vti_files/sample_050_error_normalized.vti
  Sample 1/5 for U_GT2:
    Normalized (log pos) range: [-13.122363, -4.241390]
    Denormalized (original) range: [0.002710, 0.017096]
    MSE (on denormalized): 0.033287
    PSNR (on denormalized): 33.75 dB
    MAE (on denormalized): 0.133052
    Mean Relative Error: 2.46%
    ✓ Saved VTI files in normalized (log pos) scale
Saved comparison plot: test_all_vars_5x5x5_opt_results_normalized/U_GT2/sample_051_comparison_slices_normalized.png
Saved comparison plot: test_all_vars_5x5x5_opt_results_normalized/U_GT2/sample_051_comparison_slices_denormalized.png
Saved VTI file: test_all_vars_5x5x5_opt_results_normalized/U_GT2/vti_files/sample_051_original_normalized.vti
Saved VTI file: test_all_vars_5x5x5_opt_results_normalized/U_GT2/vti_files/sample_051_reconstructed_normalized.vti
Saved VTI file: test_all_vars_5x5x5_opt_results_normalized/U_GT2/vti_files/sample_051_error_normalized.vti
  Sample 2/5 for U_GT2:
    Normalized (log pos) range: [-13.122363, -12.542348]
    Denormalized (original) range: [0.000000, 0.000002]
    MSE (on denormalized): 0.028231
    PSNR (on denormalized): 10.76 dB
    MAE (on denormalized): 0.147291
    Mean Relative Error: 1.16%
    ✓ Saved VTI files in normalized (log pos) scale
Saved comparison plot: test_all_vars_5x5x5_opt_results_normalized/U_GT2/sample_052_comparison_slices_normalized.png
Saved comparison plot: test_all_vars_5x5x5_opt_results_normalized/U_GT2/sample_052_comparison_slices_denormalized.png
  Sample 3/5 for U_GT2:
    Normalized (log pos) range: [-13.122363, -3.563071]
    Denormalized (original) range: [0.005825, 0.034174]
    MSE (on denormalized): 0.054063
    PSNR (on denormalized): 32.28 dB
    MAE (on denormalized): 0.159496
    Mean Relative Error: 3.21%
Saved comparison plot: test_all_vars_5x5x5_opt_results_normalized/U_GT2/sample_053_comparison_slices_normalized.png
Saved comparison plot: test_all_vars_5x5x5_opt_results_normalized/U_GT2/sample_053_comparison_slices_denormalized.png
  Sample 4/5 for U_GT2:
    Normalized (log pos) range: [-13.122363, -13.053745]
    Denormalized (original) range: [0.000001, 0.000001]
    MSE (on denormalized): 0.026862
    PSNR (on denormalized): -7.56 dB
    MAE (on denormalized): 0.146872
    Mean Relative Error: 1.12%
Saved comparison plot: test_all_vars_5x5x5_opt_results_normalized/U_GT2/sample_054_comparison_slices_normalized.png
Saved comparison plot: test_all_vars_5x5x5_opt_results_normalized/U_GT2/sample_054_comparison_slices_denormalized.png
  Sample 5/5 for U_GT2:
    Normalized (log pos) range: [-13.122363, -5.696805]
    Denormalized (original) range: [0.000549, 0.003904]
    MSE (on denormalized): 0.077803
    PSNR (on denormalized): 28.50 dB
    MAE (on denormalized): 0.224227
    Mean Relative Error: 3.26%

Processing variable: U_K
Saved comparison plot: test_all_vars_5x5x5_opt_results_normalized/U_K/sample_055_comparison_slices_normalized.png
Saved comparison plot: test_all_vars_5x5x5_opt_results_normalized/U_K/sample_055_comparison_slices_denormalized.png
Saved VTI file: test_all_vars_5x5x5_opt_results_normalized/U_K/vti_files/sample_055_original_normalized.vti
Saved VTI file: test_all_vars_5x5x5_opt_results_normalized/U_K/vti_files/sample_055_reconstructed_normalized.vti
Saved VTI file: test_all_vars_5x5x5_opt_results_normalized/U_K/vti_files/sample_055_error_normalized.vti
  Sample 1/5 for U_K:
    Normalized (log pos) range: [-13.122363, -5.591556]
    Denormalized (original) range: [0.009543, 0.013270]
    MSE (on denormalized): 0.035064
    PSNR (on denormalized): 32.09 dB
    MAE (on denormalized): 0.137339
    Mean Relative Error: 2.01%
    ✓ Saved VTI files in normalized (log pos) scale
Saved comparison plot: test_all_vars_5x5x5_opt_results_normalized/U_K/sample_056_comparison_slices_normalized.png
Saved comparison plot: test_all_vars_5x5x5_opt_results_normalized/U_K/sample_056_comparison_slices_denormalized.png
Saved VTI file: test_all_vars_5x5x5_opt_results_normalized/U_K/vti_files/sample_056_original_normalized.vti
Saved VTI file: test_all_vars_5x5x5_opt_results_normalized/U_K/vti_files/sample_056_reconstructed_normalized.vti
Saved VTI file: test_all_vars_5x5x5_opt_results_normalized/U_K/vti_files/sample_056_error_normalized.vti
  Sample 2/5 for U_K:
    Normalized (log pos) range: [-13.122363, -7.124995]
    Denormalized (original) range: [0.001856, 0.002659]
    MSE (on denormalized): 0.043327
    PSNR (on denormalized): 29.19 dB
    MAE (on denormalized): 0.155887
    Mean Relative Error: 1.96%
    ✓ Saved VTI files in normalized (log pos) scale
Saved comparison plot: test_all_vars_5x5x5_opt_results_normalized/U_K/sample_057_comparison_slices_normalized.png
Saved comparison plot: test_all_vars_5x5x5_opt_results_normalized/U_K/sample_057_comparison_slices_denormalized.png
  Sample 3/5 for U_K:
    Normalized (log pos) range: [-13.122363, -4.989719]
    Denormalized (original) range: [0.033486, 0.040291]
    MSE (on denormalized): 0.025521
    PSNR (on denormalized): 34.14 dB
    MAE (on denormalized): 0.136440
    Mean Relative Error: 2.31%
Saved comparison plot: test_all_vars_5x5x5_opt_results_normalized/U_K/sample_058_comparison_slices_normalized.png
Saved comparison plot: test_all_vars_5x5x5_opt_results_normalized/U_K/sample_058_comparison_slices_denormalized.png
  Sample 4/5 for U_K:
    Normalized (log pos) range: [-13.122363, -4.615181]
    Denormalized (original) range: [0.044473, 0.054371]
    MSE (on denormalized): 0.032700
    PSNR (on denormalized): 33.45 dB
    MAE (on denormalized): 0.159402
    Mean Relative Error: 2.93%
Saved comparison plot: test_all_vars_5x5x5_opt_results_normalized/U_K/sample_059_comparison_slices_normalized.png
Saved comparison plot: test_all_vars_5x5x5_opt_results_normalized/U_K/sample_059_comparison_slices_denormalized.png
  Sample 5/5 for U_K:
    Normalized (log pos) range: [-13.122363, -13.121300]
    Denormalized (original) range: [0.000001, 0.000001]
    MSE (on denormalized): 0.026705
    PSNR (on denormalized): -43.73 dB
    MAE (on denormalized): 0.146753
    Mean Relative Error: 1.12%

Processing variable: U_SYMAT0
Saved comparison plot: test_all_vars_5x5x5_opt_results_normalized/U_SYMAT0/sample_060_comparison_slices_normalized.png
Saved comparison plot: test_all_vars_5x5x5_opt_results_normalized/U_SYMAT0/sample_060_comparison_slices_denormalized.png
Saved VTI file: test_all_vars_5x5x5_opt_results_normalized/U_SYMAT0/vti_files/sample_060_original_normalized.vti
Saved VTI file: test_all_vars_5x5x5_opt_results_normalized/U_SYMAT0/vti_files/sample_060_reconstructed_normalized.vti
Saved VTI file: test_all_vars_5x5x5_opt_results_normalized/U_SYMAT0/vti_files/sample_060_error_normalized.vti
  Sample 1/5 for U_SYMAT0:
    Normalized (log pos) range: [-13.122363, -5.487442]
    Denormalized (original) range: [0.010710, 0.014847]
    MSE (on denormalized): 0.041542
    PSNR (on denormalized): 31.47 dB
    MAE (on denormalized): 0.126250
    Mean Relative Error: 1.73%
    ✓ Saved VTI files in normalized (log pos) scale
Saved comparison plot: test_all_vars_5x5x5_opt_results_normalized/U_SYMAT0/sample_061_comparison_slices_normalized.png
Saved comparison plot: test_all_vars_5x5x5_opt_results_normalized/U_SYMAT0/sample_061_comparison_slices_denormalized.png
Saved VTI file: test_all_vars_5x5x5_opt_results_normalized/U_SYMAT0/vti_files/sample_061_original_normalized.vti
Saved VTI file: test_all_vars_5x5x5_opt_results_normalized/U_SYMAT0/vti_files/sample_061_reconstructed_normalized.vti
Saved VTI file: test_all_vars_5x5x5_opt_results_normalized/U_SYMAT0/vti_files/sample_061_error_normalized.vti
  Sample 2/5 for U_SYMAT0:
    Normalized (log pos) range: [-13.122363, -5.019538]
    Denormalized (original) range: [0.035509, 0.042115]
    MSE (on denormalized): 0.050591
    PSNR (on denormalized): 31.13 dB
    MAE (on denormalized): 0.181299
    Mean Relative Error: 2.98%
    ✓ Saved VTI files in normalized (log pos) scale
Saved comparison plot: test_all_vars_5x5x5_opt_results_normalized/U_SYMAT0/sample_062_comparison_slices_normalized.png
Saved comparison plot: test_all_vars_5x5x5_opt_results_normalized/U_SYMAT0/sample_062_comparison_slices_denormalized.png
  Sample 3/5 for U_SYMAT0:
    Normalized (log pos) range: [-13.122363, -3.930476]
    Denormalized (original) range: [0.060011, 0.079644]
    MSE (on denormalized): 0.099624
    PSNR (on denormalized): 29.28 dB
    MAE (on denormalized): 0.261478
    Mean Relative Error: 5.51%
Saved comparison plot: test_all_vars_5x5x5_opt_results_normalized/U_SYMAT0/sample_063_comparison_slices_normalized.png
Saved comparison plot: test_all_vars_5x5x5_opt_results_normalized/U_SYMAT0/sample_063_comparison_slices_denormalized.png
  Sample 4/5 for U_SYMAT0:
    Normalized (log pos) range: [-13.122363, -5.207672]
    Denormalized (original) range: [0.010643, 0.016115]
    MSE (on denormalized): 0.026958
    PSNR (on denormalized): 33.66 dB
    MAE (on denormalized): 0.139844
    Mean Relative Error: 2.23%
Saved comparison plot: test_all_vars_5x5x5_opt_results_normalized/U_SYMAT0/sample_064_comparison_slices_normalized.png
Saved comparison plot: test_all_vars_5x5x5_opt_results_normalized/U_SYMAT0/sample_064_comparison_slices_denormalized.png
  Sample 5/5 for U_SYMAT0:
    Normalized (log pos) range: [-13.122363, -3.061684]
    Denormalized (original) range: [-0.073639, -0.026832]
    MSE (on denormalized): 0.100445
    PSNR (on denormalized): 30.03 dB
    MAE (on denormalized): 0.266176
    Mean Relative Error: 7.10%

Processing variable: U_SYMAT1
Saved comparison plot: test_all_vars_5x5x5_opt_results_normalized/U_SYMAT1/sample_065_comparison_slices_normalized.png
Saved comparison plot: test_all_vars_5x5x5_opt_results_normalized/U_SYMAT1/sample_065_comparison_slices_denormalized.png
Saved VTI file: test_all_vars_5x5x5_opt_results_normalized/U_SYMAT1/vti_files/sample_065_original_normalized.vti
Saved VTI file: test_all_vars_5x5x5_opt_results_normalized/U_SYMAT1/vti_files/sample_065_reconstructed_normalized.vti
Saved VTI file: test_all_vars_5x5x5_opt_results_normalized/U_SYMAT1/vti_files/sample_065_error_normalized.vti
  Sample 1/5 for U_SYMAT1:
    Normalized (log pos) range: [-13.122363, -2.528782]
    Denormalized (original) range: [-0.386812, -0.307058]
    MSE (on denormalized): 0.080045
    PSNR (on denormalized): 31.47 dB
    MAE (on denormalized): 0.198966
    Mean Relative Error: 6.07%
    ✓ Saved VTI files in normalized (log pos) scale
Saved comparison plot: test_all_vars_5x5x5_opt_results_normalized/U_SYMAT1/sample_066_comparison_slices_normalized.png
Saved comparison plot: test_all_vars_5x5x5_opt_results_normalized/U_SYMAT1/sample_066_comparison_slices_denormalized.png
Saved VTI file: test_all_vars_5x5x5_opt_results_normalized/U_SYMAT1/vti_files/sample_066_original_normalized.vti
Saved VTI file: test_all_vars_5x5x5_opt_results_normalized/U_SYMAT1/vti_files/sample_066_reconstructed_normalized.vti
Saved VTI file: test_all_vars_5x5x5_opt_results_normalized/U_SYMAT1/vti_files/sample_066_error_normalized.vti
  Sample 2/5 for U_SYMAT1:
    Normalized (log pos) range: [-13.122363, -4.652116]
    Denormalized (original) range: [-0.031662, -0.022123]
    MSE (on denormalized): 0.098790
    PSNR (on denormalized): 28.61 dB
    MAE (on denormalized): 0.226159
    Mean Relative Error: 3.85%
    ✓ Saved VTI files in normalized (log pos) scale
Saved comparison plot: test_all_vars_5x5x5_opt_results_normalized/U_SYMAT1/sample_067_comparison_slices_normalized.png
Saved comparison plot: test_all_vars_5x5x5_opt_results_normalized/U_SYMAT1/sample_067_comparison_slices_denormalized.png
  Sample 3/5 for U_SYMAT1:
    Normalized (log pos) range: [-13.122363, -5.743274]
    Denormalized (original) range: [-0.007395, -0.004192]
    MSE (on denormalized): 0.066038
    PSNR (on denormalized): 29.16 dB
    MAE (on denormalized): 0.183518
    Mean Relative Error: 2.72%
Saved comparison plot: test_all_vars_5x5x5_opt_results_normalized/U_SYMAT1/sample_068_comparison_slices_normalized.png
Saved comparison plot: test_all_vars_5x5x5_opt_results_normalized/U_SYMAT1/sample_068_comparison_slices_denormalized.png
  Sample 4/5 for U_SYMAT1:
    Normalized (log pos) range: [-13.122363, -13.099179]
    Denormalized (original) range: [0.000001, 0.000001]
    MSE (on denormalized): 0.026701
    PSNR (on denormalized): -16.96 dB
    MAE (on denormalized): 0.146608
    Mean Relative Error: 1.12%
Saved comparison plot: test_all_vars_5x5x5_opt_results_normalized/U_SYMAT1/sample_069_comparison_slices_normalized.png
Saved comparison plot: test_all_vars_5x5x5_opt_results_normalized/U_SYMAT1/sample_069_comparison_slices_denormalized.png
  Sample 5/5 for U_SYMAT1:
    Normalized (log pos) range: [-13.122363, -5.738460]
    Denormalized (original) range: [0.001260, 0.004478]
    MSE (on denormalized): 0.033531
    PSNR (on denormalized): 32.11 dB
    MAE (on denormalized): 0.143213
    Mean Relative Error: 2.05%

Processing variable: U_SYMAT2
Saved comparison plot: test_all_vars_5x5x5_opt_results_normalized/U_SYMAT2/sample_070_comparison_slices_normalized.png
Saved comparison plot: test_all_vars_5x5x5_opt_results_normalized/U_SYMAT2/sample_070_comparison_slices_denormalized.png
Saved VTI file: test_all_vars_5x5x5_opt_results_normalized/U_SYMAT2/vti_files/sample_070_original_normalized.vti
Saved VTI file: test_all_vars_5x5x5_opt_results_normalized/U_SYMAT2/vti_files/sample_070_reconstructed_normalized.vti
Saved VTI file: test_all_vars_5x5x5_opt_results_normalized/U_SYMAT2/vti_files/sample_070_error_normalized.vti
  Sample 1/5 for U_SYMAT2:
    Normalized (log pos) range: [-13.122363, -9.983589]
    Denormalized (original) range: [-0.000047, -0.000003]
    MSE (on denormalized): 0.014770
    PSNR (on denormalized): 28.24 dB
    MAE (on denormalized): 0.096541
    Mean Relative Error: 0.92%
    ✓ Saved VTI files in normalized (log pos) scale
Saved comparison plot: test_all_vars_5x5x5_opt_results_normalized/U_SYMAT2/sample_071_comparison_slices_normalized.png
Saved comparison plot: test_all_vars_5x5x5_opt_results_normalized/U_SYMAT2/sample_071_comparison_slices_denormalized.png
Saved VTI file: test_all_vars_5x5x5_opt_results_normalized/U_SYMAT2/vti_files/sample_071_original_normalized.vti
Saved VTI file: test_all_vars_5x5x5_opt_results_normalized/U_SYMAT2/vti_files/sample_071_reconstructed_normalized.vti
Saved VTI file: test_all_vars_5x5x5_opt_results_normalized/U_SYMAT2/vti_files/sample_071_error_normalized.vti
  Sample 2/5 for U_SYMAT2:
    Normalized (log pos) range: [-13.122363, -5.853154]
    Denormalized (original) range: [-0.003241, -0.000373]
    MSE (on denormalized): 0.039766
    PSNR (on denormalized): 31.23 dB
    MAE (on denormalized): 0.144435
    Mean Relative Error: 2.13%
    ✓ Saved VTI files in normalized (log pos) scale
Saved comparison plot: test_all_vars_5x5x5_opt_results_normalized/U_SYMAT2/sample_072_comparison_slices_normalized.png
Saved comparison plot: test_all_vars_5x5x5_opt_results_normalized/U_SYMAT2/sample_072_comparison_slices_denormalized.png
  Sample 3/5 for U_SYMAT2:
    Normalized (log pos) range: [-13.122363, -7.457129]
    Denormalized (original) range: [-0.000464, 0.000111]
    MSE (on denormalized): 0.033396
    PSNR (on denormalized): 29.83 dB
    MAE (on denormalized): 0.127790
    Mean Relative Error: 1.61%
Saved comparison plot: test_all_vars_5x5x5_opt_results_normalized/U_SYMAT2/sample_073_comparison_slices_normalized.png
Saved comparison plot: test_all_vars_5x5x5_opt_results_normalized/U_SYMAT2/sample_073_comparison_slices_denormalized.png
  Sample 4/5 for U_SYMAT2:
    Normalized (log pos) range: [-13.122363, -13.117257]
    Denormalized (original) range: [0.000001, 0.000001]
    MSE (on denormalized): 0.026673
    PSNR (on denormalized): -30.10 dB
    MAE (on denormalized): 0.146647
    Mean Relative Error: 1.12%
Saved comparison plot: test_all_vars_5x5x5_opt_results_normalized/U_SYMAT2/sample_074_comparison_slices_normalized.png
Saved comparison plot: test_all_vars_5x5x5_opt_results_normalized/U_SYMAT2/sample_074_comparison_slices_denormalized.png
  Sample 5/5 for U_SYMAT2:
    Normalized (log pos) range: [-13.122363, -8.271529]
    Denormalized (original) range: [-0.000262, -0.000008]
    MSE (on denormalized): 0.024691
    PSNR (on denormalized): 29.79 dB
    MAE (on denormalized): 0.106089
    Mean Relative Error: 1.18%

Processing variable: U_SYMAT3
Saved comparison plot: test_all_vars_5x5x5_opt_results_normalized/U_SYMAT3/sample_075_comparison_slices_normalized.png
Saved comparison plot: test_all_vars_5x5x5_opt_results_normalized/U_SYMAT3/sample_075_comparison_slices_denormalized.png
Saved VTI file: test_all_vars_5x5x5_opt_results_normalized/U_SYMAT3/vti_files/sample_075_original_normalized.vti
Saved VTI file: test_all_vars_5x5x5_opt_results_normalized/U_SYMAT3/vti_files/sample_075_reconstructed_normalized.vti
Saved VTI file: test_all_vars_5x5x5_opt_results_normalized/U_SYMAT3/vti_files/sample_075_error_normalized.vti
  Sample 1/5 for U_SYMAT3:
    Normalized (log pos) range: [-13.122363, -3.033404]
    Denormalized (original) range: [-0.080707, -0.032558]
    MSE (on denormalized): 0.100723
    PSNR (on denormalized): 30.05 dB
    MAE (on denormalized): 0.260561
    Mean Relative Error: 7.01%
    ✓ Saved VTI files in normalized (log pos) scale
Saved comparison plot: test_all_vars_5x5x5_opt_results_normalized/U_SYMAT3/sample_076_comparison_slices_normalized.png
Saved comparison plot: test_all_vars_5x5x5_opt_results_normalized/U_SYMAT3/sample_076_comparison_slices_denormalized.png
Saved VTI file: test_all_vars_5x5x5_opt_results_normalized/U_SYMAT3/vti_files/sample_076_original_normalized.vti
Saved VTI file: test_all_vars_5x5x5_opt_results_normalized/U_SYMAT3/vti_files/sample_076_reconstructed_normalized.vti
Saved VTI file: test_all_vars_5x5x5_opt_results_normalized/U_SYMAT3/vti_files/sample_076_error_normalized.vti
  Sample 2/5 for U_SYMAT3:
    Normalized (log pos) range: [-13.122363, -0.173755]
    Denormalized (original) range: [-0.796051, 0.044449]
    MSE (on denormalized): 0.447110
    PSNR (on denormalized): 25.74 dB
    MAE (on denormalized): 0.581970
    Mean Relative Error: 72.34%
    ✓ Saved VTI files in normalized (log pos) scale
Saved comparison plot: test_all_vars_5x5x5_opt_results_normalized/U_SYMAT3/sample_077_comparison_slices_normalized.png
Saved comparison plot: test_all_vars_5x5x5_opt_results_normalized/U_SYMAT3/sample_077_comparison_slices_denormalized.png
  Sample 3/5 for U_SYMAT3:
    Normalized (log pos) range: [-13.122363, -7.870038]
    Denormalized (original) range: [-0.003361, -0.002981]
    MSE (on denormalized): 0.016413
    PSNR (on denormalized): 32.26 dB
    MAE (on denormalized): 0.094998
    Mean Relative Error: 1.10%
Saved comparison plot: test_all_vars_5x5x5_opt_results_normalized/U_SYMAT3/sample_078_comparison_slices_normalized.png
Saved comparison plot: test_all_vars_5x5x5_opt_results_normalized/U_SYMAT3/sample_078_comparison_slices_denormalized.png
  Sample 4/5 for U_SYMAT3:
    Normalized (log pos) range: [-13.122363, -6.416537]
    Denormalized (original) range: [0.000363, 0.001995]
    MSE (on denormalized): 0.026773
    PSNR (on denormalized): 32.25 dB
    MAE (on denormalized): 0.115423
    Mean Relative Error: 1.61%
Saved comparison plot: test_all_vars_5x5x5_opt_results_normalized/U_SYMAT3/sample_079_comparison_slices_normalized.png
Saved comparison plot: test_all_vars_5x5x5_opt_results_normalized/U_SYMAT3/sample_079_comparison_slices_denormalized.png
  Sample 5/5 for U_SYMAT3:
    Normalized (log pos) range: [-13.122363, -4.880949]
    Denormalized (original) range: [-0.016673, -0.009085]
    MSE (on denormalized): 0.086341
    PSNR (on denormalized): 28.96 dB
    MAE (on denormalized): 0.228753
    Mean Relative Error: 3.88%

Processing variable: U_SYMAT4
Saved comparison plot: test_all_vars_5x5x5_opt_results_normalized/U_SYMAT4/sample_080_comparison_slices_normalized.png
Saved comparison plot: test_all_vars_5x5x5_opt_results_normalized/U_SYMAT4/sample_080_comparison_slices_denormalized.png
Saved VTI file: test_all_vars_5x5x5_opt_results_normalized/U_SYMAT4/vti_files/sample_080_original_normalized.vti
Saved VTI file: test_all_vars_5x5x5_opt_results_normalized/U_SYMAT4/vti_files/sample_080_reconstructed_normalized.vti
Saved VTI file: test_all_vars_5x5x5_opt_results_normalized/U_SYMAT4/vti_files/sample_080_error_normalized.vti
  Sample 1/5 for U_SYMAT4:
    Normalized (log pos) range: [-13.122363, -4.499060]
    Denormalized (original) range: [0.001618, 0.012736]
    MSE (on denormalized): 0.057219
    PSNR (on denormalized): 31.14 dB
    MAE (on denormalized): 0.196389
    Mean Relative Error: 3.30%
    ✓ Saved VTI files in normalized (log pos) scale
Saved comparison plot: test_all_vars_5x5x5_opt_results_normalized/U_SYMAT4/sample_081_comparison_slices_normalized.png
Saved comparison plot: test_all_vars_5x5x5_opt_results_normalized/U_SYMAT4/sample_081_comparison_slices_denormalized.png
Saved VTI file: test_all_vars_5x5x5_opt_results_normalized/U_SYMAT4/vti_files/sample_081_original_normalized.vti
Saved VTI file: test_all_vars_5x5x5_opt_results_normalized/U_SYMAT4/vti_files/sample_081_reconstructed_normalized.vti
Saved VTI file: test_all_vars_5x5x5_opt_results_normalized/U_SYMAT4/vti_files/sample_081_error_normalized.vti
  Sample 2/5 for U_SYMAT4:
    Normalized (log pos) range: [-13.122363, -12.988063]
    Denormalized (original) range: [0.000001, 0.000001]
    MSE (on denormalized): 0.027754
    PSNR (on denormalized): -1.87 dB
    MAE (on denormalized): 0.149503
    Mean Relative Error: 1.14%
    ✓ Saved VTI files in normalized (log pos) scale
Saved comparison plot: test_all_vars_5x5x5_opt_results_normalized/U_SYMAT4/sample_082_comparison_slices_normalized.png
Saved comparison plot: test_all_vars_5x5x5_opt_results_normalized/U_SYMAT4/sample_082_comparison_slices_denormalized.png
  Sample 3/5 for U_SYMAT4:
    Normalized (log pos) range: [-13.122363, -3.123787]
    Denormalized (original) range: [-0.051348, -0.007360]
    MSE (on denormalized): 0.082548
    PSNR (on denormalized): 30.83 dB
    MAE (on denormalized): 0.198995
    Mean Relative Error: 5.25%
Saved comparison plot: test_all_vars_5x5x5_opt_results_normalized/U_SYMAT4/sample_083_comparison_slices_normalized.png
Saved comparison plot: test_all_vars_5x5x5_opt_results_normalized/U_SYMAT4/sample_083_comparison_slices_denormalized.png
  Sample 4/5 for U_SYMAT4:
    Normalized (log pos) range: [-13.122363, -11.621199]
    Denormalized (original) range: [-0.000003, 0.000004]
    MSE (on denormalized): 0.028026
    PSNR (on denormalized): 19.05 dB
    MAE (on denormalized): 0.133523
    Mean Relative Error: 1.09%
Saved comparison plot: test_all_vars_5x5x5_opt_results_normalized/U_SYMAT4/sample_084_comparison_slices_normalized.png
Saved comparison plot: test_all_vars_5x5x5_opt_results_normalized/U_SYMAT4/sample_084_comparison_slices_denormalized.png
  Sample 5/5 for U_SYMAT4:
    Normalized (log pos) range: [-13.122363, -6.224968]
    Denormalized (original) range: [0.000350, 0.002328]
    MSE (on denormalized): 0.063885
    PSNR (on denormalized): 28.72 dB
    MAE (on denormalized): 0.189903
    Mean Relative Error: 2.50%

Processing variable: U_SYMAT5
Saved comparison plot: test_all_vars_5x5x5_opt_results_normalized/U_SYMAT5/sample_085_comparison_slices_normalized.png
Saved comparison plot: test_all_vars_5x5x5_opt_results_normalized/U_SYMAT5/sample_085_comparison_slices_denormalized.png
Saved VTI file: test_all_vars_5x5x5_opt_results_normalized/U_SYMAT5/vti_files/sample_085_original_normalized.vti
Saved VTI file: test_all_vars_5x5x5_opt_results_normalized/U_SYMAT5/vti_files/sample_085_reconstructed_normalized.vti
Saved VTI file: test_all_vars_5x5x5_opt_results_normalized/U_SYMAT5/vti_files/sample_085_error_normalized.vti
  Sample 1/5 for U_SYMAT5:
    Normalized (log pos) range: [-13.122363, -3.914414]
    Denormalized (original) range: [0.064382, 0.084332]
    MSE (on denormalized): 0.050726
    PSNR (on denormalized): 32.23 dB
    MAE (on denormalized): 0.190275
    Mean Relative Error: 4.02%
    ✓ Saved VTI files in normalized (log pos) scale
Saved comparison plot: test_all_vars_5x5x5_opt_results_normalized/U_SYMAT5/sample_086_comparison_slices_normalized.png
Saved comparison plot: test_all_vars_5x5x5_opt_results_normalized/U_SYMAT5/sample_086_comparison_slices_denormalized.png
Saved VTI file: test_all_vars_5x5x5_opt_results_normalized/U_SYMAT5/vti_files/sample_086_original_normalized.vti
Saved VTI file: test_all_vars_5x5x5_opt_results_normalized/U_SYMAT5/vti_files/sample_086_reconstructed_normalized.vti
Saved VTI file: test_all_vars_5x5x5_opt_results_normalized/U_SYMAT5/vti_files/sample_086_error_normalized.vti
  Sample 2/5 for U_SYMAT5:
    Normalized (log pos) range: [-13.122363, -7.195488]
    Denormalized (original) range: [0.000834, 0.001582]
    MSE (on denormalized): 0.022102
    PSNR (on denormalized): 32.01 dB
    MAE (on denormalized): 0.105511
    Mean Relative Error: 1.24%
    ✓ Saved VTI files in normalized (log pos) scale
Saved comparison plot: test_all_vars_5x5x5_opt_results_normalized/U_SYMAT5/sample_087_comparison_slices_normalized.png
Saved comparison plot: test_all_vars_5x5x5_opt_results_normalized/U_SYMAT5/sample_087_comparison_slices_denormalized.png
  Sample 3/5 for U_SYMAT5:
    Normalized (log pos) range: [-13.122363, -3.813958]
    Denormalized (original) range: [0.101780, 0.123839]
    MSE (on denormalized): 0.093644
    PSNR (on denormalized): 29.66 dB
    MAE (on denormalized): 0.268940
    Mean Relative Error: 5.66%
Saved comparison plot: test_all_vars_5x5x5_opt_results_normalized/U_SYMAT5/sample_088_comparison_slices_normalized.png
Saved comparison plot: test_all_vars_5x5x5_opt_results_normalized/U_SYMAT5/sample_088_comparison_slices_denormalized.png
  Sample 4/5 for U_SYMAT5:
    Normalized (log pos) range: [-13.122363, -2.234956]
    Denormalized (original) range: [0.335293, 0.442288]
    MSE (on denormalized): 0.057534
    PSNR (on denormalized): 33.14 dB
    MAE (on denormalized): 0.192311
    Mean Relative Error: 5.99%
Saved comparison plot: test_all_vars_5x5x5_opt_results_normalized/U_SYMAT5/sample_089_comparison_slices_normalized.png
Saved comparison plot: test_all_vars_5x5x5_opt_results_normalized/U_SYMAT5/sample_089_comparison_slices_denormalized.png
  Sample 5/5 for U_SYMAT5:
    Normalized (log pos) range: [-13.122363, -13.113887]
    Denormalized (original) range: [0.000001, 0.000001]
    MSE (on denormalized): 0.026706
    PSNR (on denormalized): -25.70 dB
    MAE (on denormalized): 0.146693
    Mean Relative Error: 1.12%

Processing variable: U_SYMGT0
Saved comparison plot: test_all_vars_5x5x5_opt_results_normalized/U_SYMGT0/sample_090_comparison_slices_normalized.png
Saved comparison plot: test_all_vars_5x5x5_opt_results_normalized/U_SYMGT0/sample_090_comparison_slices_denormalized.png
Saved VTI file: test_all_vars_5x5x5_opt_results_normalized/U_SYMGT0/vti_files/sample_090_original_normalized.vti
Saved VTI file: test_all_vars_5x5x5_opt_results_normalized/U_SYMGT0/vti_files/sample_090_reconstructed_normalized.vti
Saved VTI file: test_all_vars_5x5x5_opt_results_normalized/U_SYMGT0/vti_files/sample_090_error_normalized.vti
  Sample 1/5 for U_SYMGT0:
    Normalized (log pos) range: [-13.122363, -12.110350]
    Denormalized (original) range: [0.999995, 0.999999]
    MSE (on denormalized): 0.017637
    PSNR (on denormalized): 17.64 dB
    MAE (on denormalized): 0.114175
    Mean Relative Error: 0.91%
    ✓ Saved VTI files in normalized (log pos) scale
Saved comparison plot: test_all_vars_5x5x5_opt_results_normalized/U_SYMGT0/sample_091_comparison_slices_normalized.png
Saved comparison plot: test_all_vars_5x5x5_opt_results_normalized/U_SYMGT0/sample_091_comparison_slices_denormalized.png
Saved VTI file: test_all_vars_5x5x5_opt_results_normalized/U_SYMGT0/vti_files/sample_091_original_normalized.vti
Saved VTI file: test_all_vars_5x5x5_opt_results_normalized/U_SYMGT0/vti_files/sample_091_reconstructed_normalized.vti
Saved VTI file: test_all_vars_5x5x5_opt_results_normalized/U_SYMGT0/vti_files/sample_091_error_normalized.vti
  Sample 2/5 for U_SYMGT0:
    Normalized (log pos) range: [-13.122363, -3.932805]
    Denormalized (original) range: [1.108160, 1.127746]
    MSE (on denormalized): 0.116209
    PSNR (on denormalized): 28.61 dB
    MAE (on denormalized): 0.286084
    Mean Relative Error: 6.25%
    ✓ Saved VTI files in normalized (log pos) scale
Saved comparison plot: test_all_vars_5x5x5_opt_results_normalized/U_SYMGT0/sample_092_comparison_slices_normalized.png
Saved comparison plot: test_all_vars_5x5x5_opt_results_normalized/U_SYMGT0/sample_092_comparison_slices_denormalized.png
  Sample 3/5 for U_SYMGT0:
    Normalized (log pos) range: [-13.122363, -6.625716]
    Denormalized (original) range: [0.817967, 0.819291]
    MSE (on denormalized): 0.146537
    PSNR (on denormalized): 24.59 dB
    MAE (on denormalized): 0.298461
    Mean Relative Error: 3.74%
Saved comparison plot: test_all_vars_5x5x5_opt_results_normalized/U_SYMGT0/sample_093_comparison_slices_normalized.png
Saved comparison plot: test_all_vars_5x5x5_opt_results_normalized/U_SYMGT0/sample_093_comparison_slices_denormalized.png
  Sample 4/5 for U_SYMGT0:
    Normalized (log pos) range: [-13.122363, -4.316963]
    Denormalized (original) range: [1.102507, 1.115845]
    MSE (on denormalized): 0.063048
    PSNR (on denormalized): 30.90 dB
    MAE (on denormalized): 0.189876
    Mean Relative Error: 3.44%
Saved comparison plot: test_all_vars_5x5x5_opt_results_normalized/U_SYMGT0/sample_094_comparison_slices_normalized.png
Saved comparison plot: test_all_vars_5x5x5_opt_results_normalized/U_SYMGT0/sample_094_comparison_slices_denormalized.png
  Sample 5/5 for U_SYMGT0:
    Normalized (log pos) range: [-13.122363, -4.383738]
    Denormalized (original) range: [0.834301, 0.846777]
    MSE (on denormalized): 0.093680
    PSNR (on denormalized): 29.11 dB
    MAE (on denormalized): 0.250293
    Mean Relative Error: 4.64%

Processing variable: U_SYMGT1
Saved comparison plot: test_all_vars_5x5x5_opt_results_normalized/U_SYMGT1/sample_095_comparison_slices_normalized.png
Saved comparison plot: test_all_vars_5x5x5_opt_results_normalized/U_SYMGT1/sample_095_comparison_slices_denormalized.png
Saved VTI file: test_all_vars_5x5x5_opt_results_normalized/U_SYMGT1/vti_files/sample_095_original_normalized.vti
Saved VTI file: test_all_vars_5x5x5_opt_results_normalized/U_SYMGT1/vti_files/sample_095_reconstructed_normalized.vti
Saved VTI file: test_all_vars_5x5x5_opt_results_normalized/U_SYMGT1/vti_files/sample_095_error_normalized.vti
  Sample 1/5 for U_SYMGT1:
    Normalized (log pos) range: [-13.122363, -3.152647]
    Denormalized (original) range: [-0.029572, 0.013165]
    MSE (on denormalized): 0.098521
    PSNR (on denormalized): 30.04 dB
    MAE (on denormalized): 0.258273
    Mean Relative Error: 6.57%
    ✓ Saved VTI files in normalized (log pos) scale
Saved comparison plot: test_all_vars_5x5x5_opt_results_normalized/U_SYMGT1/sample_096_comparison_slices_normalized.png
Saved comparison plot: test_all_vars_5x5x5_opt_results_normalized/U_SYMGT1/sample_096_comparison_slices_denormalized.png
Saved VTI file: test_all_vars_5x5x5_opt_results_normalized/U_SYMGT1/vti_files/sample_096_original_normalized.vti
Saved VTI file: test_all_vars_5x5x5_opt_results_normalized/U_SYMGT1/vti_files/sample_096_reconstructed_normalized.vti
Saved VTI file: test_all_vars_5x5x5_opt_results_normalized/U_SYMGT1/vti_files/sample_096_error_normalized.vti
  Sample 2/5 for U_SYMGT1:
    Normalized (log pos) range: [-13.122363, -4.586061]
    Denormalized (original) range: [0.151786, 0.161977]
    MSE (on denormalized): 0.062039
    PSNR (on denormalized): 30.70 dB
    MAE (on denormalized): 0.191013
    Mean Relative Error: 3.36%
    ✓ Saved VTI files in normalized (log pos) scale
Saved comparison plot: test_all_vars_5x5x5_opt_results_normalized/U_SYMGT1/sample_097_comparison_slices_normalized.png
Saved comparison plot: test_all_vars_5x5x5_opt_results_normalized/U_SYMGT1/sample_097_comparison_slices_denormalized.png
  Sample 3/5 for U_SYMGT1:
    Normalized (log pos) range: [-13.122363, -3.022789]
    Denormalized (original) range: [0.060125, 0.108788]
    MSE (on denormalized): 0.152367
    PSNR (on denormalized): 28.26 dB
    MAE (on denormalized): 0.350660
    Mean Relative Error: 9.41%
Saved comparison plot: test_all_vars_5x5x5_opt_results_normalized/U_SYMGT1/sample_098_comparison_slices_normalized.png
Saved comparison plot: test_all_vars_5x5x5_opt_results_normalized/U_SYMGT1/sample_098_comparison_slices_denormalized.png
  Sample 4/5 for U_SYMGT1:
    Normalized (log pos) range: [-13.122363, -3.703331]
    Denormalized (original) range: [-0.112480, -0.087840]
    MSE (on denormalized): 0.072943
    PSNR (on denormalized): 30.85 dB
    MAE (on denormalized): 0.209450
    Mean Relative Error: 4.73%
Saved comparison plot: test_all_vars_5x5x5_opt_results_normalized/U_SYMGT1/sample_099_comparison_slices_normalized.png
Saved comparison plot: test_all_vars_5x5x5_opt_results_normalized/U_SYMGT1/sample_099_comparison_slices_denormalized.png
  Sample 5/5 for U_SYMGT1:
    Normalized (log pos) range: [-13.122363, -4.205888]
    Denormalized (original) range: [-0.154132, -0.139226]
    MSE (on denormalized): 0.101813
    PSNR (on denormalized): 28.93 dB
    MAE (on denormalized): 0.270879
    Mean Relative Error: 5.19%

Processing variable: U_SYMGT2
Saved comparison plot: test_all_vars_5x5x5_opt_results_normalized/U_SYMGT2/sample_100_comparison_slices_normalized.png
Saved comparison plot: test_all_vars_5x5x5_opt_results_normalized/U_SYMGT2/sample_100_comparison_slices_denormalized.png
Saved VTI file: test_all_vars_5x5x5_opt_results_normalized/U_SYMGT2/vti_files/sample_100_original_normalized.vti
Saved VTI file: test_all_vars_5x5x5_opt_results_normalized/U_SYMGT2/vti_files/sample_100_reconstructed_normalized.vti
Saved VTI file: test_all_vars_5x5x5_opt_results_normalized/U_SYMGT2/vti_files/sample_100_error_normalized.vti
  Sample 1/5 for U_SYMGT2:
    Normalized (log pos) range: [-13.122363, -3.685930]
    Denormalized (original) range: [0.005320, 0.030392]
    MSE (on denormalized): 0.080511
    PSNR (on denormalized): 30.44 dB
    MAE (on denormalized): 0.178913
    Mean Relative Error: 3.48%
    ✓ Saved VTI files in normalized (log pos) scale
Saved comparison plot: test_all_vars_5x5x5_opt_results_normalized/U_SYMGT2/sample_101_comparison_slices_normalized.png
Saved comparison plot: test_all_vars_5x5x5_opt_results_normalized/U_SYMGT2/sample_101_comparison_slices_denormalized.png
Saved VTI file: test_all_vars_5x5x5_opt_results_normalized/U_SYMGT2/vti_files/sample_101_original_normalized.vti
Saved VTI file: test_all_vars_5x5x5_opt_results_normalized/U_SYMGT2/vti_files/sample_101_reconstructed_normalized.vti
Saved VTI file: test_all_vars_5x5x5_opt_results_normalized/U_SYMGT2/vti_files/sample_101_error_normalized.vti
  Sample 2/5 for U_SYMGT2:
    Normalized (log pos) range: [-13.122363, -13.044710]
    Denormalized (original) range: [0.000001, 0.000001]
    MSE (on denormalized): 0.026172
    PSNR (on denormalized): -6.38 dB
    MAE (on denormalized): 0.145089
    Mean Relative Error: 1.11%
    ✓ Saved VTI files in normalized (log pos) scale
Saved comparison plot: test_all_vars_5x5x5_opt_results_normalized/U_SYMGT2/sample_102_comparison_slices_normalized.png
Saved comparison plot: test_all_vars_5x5x5_opt_results_normalized/U_SYMGT2/sample_102_comparison_slices_denormalized.png
  Sample 3/5 for U_SYMGT2:
    Normalized (log pos) range: [-13.122363, -13.098903]
    Denormalized (original) range: [0.000001, 0.000001]
    MSE (on denormalized): 0.026683
    PSNR (on denormalized): -16.86 dB
    MAE (on denormalized): 0.146501
    Mean Relative Error: 1.12%
Saved comparison plot: test_all_vars_5x5x5_opt_results_normalized/U_SYMGT2/sample_103_comparison_slices_normalized.png
Saved comparison plot: test_all_vars_5x5x5_opt_results_normalized/U_SYMGT2/sample_103_comparison_slices_denormalized.png
  Sample 4/5 for U_SYMGT2:
    Normalized (log pos) range: [-13.122363, -13.015517]
    Denormalized (original) range: [0.000001, 0.000001]
    MSE (on denormalized): 0.026642
    PSNR (on denormalized): -3.68 dB
    MAE (on denormalized): 0.147058
    Mean Relative Error: 1.12%
Saved comparison plot: test_all_vars_5x5x5_opt_results_normalized/U_SYMGT2/sample_104_comparison_slices_normalized.png
Saved comparison plot: test_all_vars_5x5x5_opt_results_normalized/U_SYMGT2/sample_104_comparison_slices_denormalized.png
  Sample 5/5 for U_SYMGT2:
    Normalized (log pos) range: [-13.122363, -4.239130]
    Denormalized (original) range: [0.002589, 0.017007]
    MSE (on denormalized): 0.183014
    PSNR (on denormalized): 26.35 dB
    MAE (on denormalized): 0.364065
    Mean Relative Error: 6.51%

Processing variable: U_SYMGT3
Saved comparison plot: test_all_vars_5x5x5_opt_results_normalized/U_SYMGT3/sample_105_comparison_slices_normalized.png
Saved comparison plot: test_all_vars_5x5x5_opt_results_normalized/U_SYMGT3/sample_105_comparison_slices_denormalized.png
Saved VTI file: test_all_vars_5x5x5_opt_results_normalized/U_SYMGT3/vti_files/sample_105_original_normalized.vti
Saved VTI file: test_all_vars_5x5x5_opt_results_normalized/U_SYMGT3/vti_files/sample_105_reconstructed_normalized.vti
Saved VTI file: test_all_vars_5x5x5_opt_results_normalized/U_SYMGT3/vti_files/sample_105_error_normalized.vti
  Sample 1/5 for U_SYMGT3:
    Normalized (log pos) range: [-13.122363, -13.122363]
    Denormalized (original) range: [1.000001, 1.000001]
    MSE (on denormalized): 0.026705
    PSNR (on denormalized): inf dB
    MAE (on denormalized): 0.146763
    Mean Relative Error: 1.12%
    ✓ Saved VTI files in normalized (log pos) scale
Saved comparison plot: test_all_vars_5x5x5_opt_results_normalized/U_SYMGT3/sample_106_comparison_slices_normalized.png
Saved comparison plot: test_all_vars_5x5x5_opt_results_normalized/U_SYMGT3/sample_106_comparison_slices_denormalized.png
Saved VTI file: test_all_vars_5x5x5_opt_results_normalized/U_SYMGT3/vti_files/sample_106_original_normalized.vti
Saved VTI file: test_all_vars_5x5x5_opt_results_normalized/U_SYMGT3/vti_files/sample_106_reconstructed_normalized.vti
Saved VTI file: test_all_vars_5x5x5_opt_results_normalized/U_SYMGT3/vti_files/sample_106_error_normalized.vti
  Sample 2/5 for U_SYMGT3:
    Normalized (log pos) range: [-13.122363, -4.000232]
    Denormalized (original) range: [1.072562, 1.090872]
    MSE (on denormalized): 0.042236
    PSNR (on denormalized): 32.95 dB
    MAE (on denormalized): 0.156849
    Mean Relative Error: 3.10%
    ✓ Saved VTI files in normalized (log pos) scale
Saved comparison plot: test_all_vars_5x5x5_opt_results_normalized/U_SYMGT3/sample_107_comparison_slices_normalized.png
Saved comparison plot: test_all_vars_5x5x5_opt_results_normalized/U_SYMGT3/sample_107_comparison_slices_denormalized.png
  Sample 3/5 for U_SYMGT3:
    Normalized (log pos) range: [-13.122363, -5.865020]
    Denormalized (original) range: [0.989214, 0.992049]
    MSE (on denormalized): 0.045540
    PSNR (on denormalized): 30.63 dB
    MAE (on denormalized): 0.170714
    Mean Relative Error: 2.60%
Saved comparison plot: test_all_vars_5x5x5_opt_results_normalized/U_SYMGT3/sample_108_comparison_slices_normalized.png
Saved comparison plot: test_all_vars_5x5x5_opt_results_normalized/U_SYMGT3/sample_108_comparison_slices_denormalized.png
  Sample 4/5 for U_SYMGT3:
    Normalized (log pos) range: [-13.122363, -3.266320]
    Denormalized (original) range: [1.119756, 1.157900]
    MSE (on denormalized): 0.100347
    PSNR (on denormalized): 29.86 dB
    MAE (on denormalized): 0.279284
    Mean Relative Error: 6.61%
Saved comparison plot: test_all_vars_5x5x5_opt_results_normalized/U_SYMGT3/sample_109_comparison_slices_normalized.png
Saved comparison plot: test_all_vars_5x5x5_opt_results_normalized/U_SYMGT3/sample_109_comparison_slices_denormalized.png
  Sample 5/5 for U_SYMGT3:
    Normalized (log pos) range: [-13.122363, -2.636348]
    Denormalized (original) range: [1.157331, 1.228952]
    MSE (on denormalized): 0.035840
    PSNR (on denormalized): 34.87 dB
    MAE (on denormalized): 0.162144
    Mean Relative Error: 4.76%

Processing variable: U_SYMGT4
Saved comparison plot: test_all_vars_5x5x5_opt_results_normalized/U_SYMGT4/sample_110_comparison_slices_normalized.png
Saved comparison plot: test_all_vars_5x5x5_opt_results_normalized/U_SYMGT4/sample_110_comparison_slices_denormalized.png
Saved VTI file: test_all_vars_5x5x5_opt_results_normalized/U_SYMGT4/vti_files/sample_110_original_normalized.vti
Saved VTI file: test_all_vars_5x5x5_opt_results_normalized/U_SYMGT4/vti_files/sample_110_reconstructed_normalized.vti
Saved VTI file: test_all_vars_5x5x5_opt_results_normalized/U_SYMGT4/vti_files/sample_110_error_normalized.vti
  Sample 1/5 for U_SYMGT4:
    Normalized (log pos) range: [-13.122363, -9.513163]
    Denormalized (original) range: [0.000009, 0.000081]
    MSE (on denormalized): 0.015450
    PSNR (on denormalized): 29.26 dB
    MAE (on denormalized): 0.076690
    Mean Relative Error: 0.70%
    ✓ Saved VTI files in normalized (log pos) scale
Saved comparison plot: test_all_vars_5x5x5_opt_results_normalized/U_SYMGT4/sample_111_comparison_slices_normalized.png
Saved comparison plot: test_all_vars_5x5x5_opt_results_normalized/U_SYMGT4/sample_111_comparison_slices_denormalized.png
Saved VTI file: test_all_vars_5x5x5_opt_results_normalized/U_SYMGT4/vti_files/sample_111_original_normalized.vti
Saved VTI file: test_all_vars_5x5x5_opt_results_normalized/U_SYMGT4/vti_files/sample_111_reconstructed_normalized.vti
Saved VTI file: test_all_vars_5x5x5_opt_results_normalized/U_SYMGT4/vti_files/sample_111_error_normalized.vti
  Sample 2/5 for U_SYMGT4:
    Normalized (log pos) range: [-13.122363, -4.481215]
    Denormalized (original) range: [0.002104, 0.013422]
    MSE (on denormalized): 0.046688
    PSNR (on denormalized): 32.04 dB
    MAE (on denormalized): 0.165333
    Mean Relative Error: 2.86%
    ✓ Saved VTI files in normalized (log pos) scale
Saved comparison plot: test_all_vars_5x5x5_opt_results_normalized/U_SYMGT4/sample_112_comparison_slices_normalized.png
Saved comparison plot: test_all_vars_5x5x5_opt_results_normalized/U_SYMGT4/sample_112_comparison_slices_denormalized.png
  Sample 3/5 for U_SYMGT4:
    Normalized (log pos) range: [-13.122363, -4.324492]
    Denormalized (original) range: [-0.016403, -0.003165]
    MSE (on denormalized): 0.071289
    PSNR (on denormalized): 30.36 dB
    MAE (on denormalized): 0.227095
    Mean Relative Error: 4.28%
Saved comparison plot: test_all_vars_5x5x5_opt_results_normalized/U_SYMGT4/sample_113_comparison_slices_normalized.png
Saved comparison plot: test_all_vars_5x5x5_opt_results_normalized/U_SYMGT4/sample_113_comparison_slices_denormalized.png
  Sample 4/5 for U_SYMGT4:
    Normalized (log pos) range: [-13.122363, -4.451111]
    Denormalized (original) range: [0.002286, 0.013950]
    MSE (on denormalized): 0.038376
    PSNR (on denormalized): 32.92 dB
    MAE (on denormalized): 0.135679
    Mean Relative Error: 2.32%
Saved comparison plot: test_all_vars_5x5x5_opt_results_normalized/U_SYMGT4/sample_114_comparison_slices_normalized.png
Saved comparison plot: test_all_vars_5x5x5_opt_results_normalized/U_SYMGT4/sample_114_comparison_slices_denormalized.png
  Sample 5/5 for U_SYMGT4:
    Normalized (log pos) range: [-13.122363, -13.122363]
    Denormalized (original) range: [0.000001, 0.000001]
    MSE (on denormalized): 0.026705
    PSNR (on denormalized): inf dB
    MAE (on denormalized): 0.146763
    Mean Relative Error: 1.12%

Processing variable: U_SYMGT5
Saved comparison plot: test_all_vars_5x5x5_opt_results_normalized/U_SYMGT5/sample_115_comparison_slices_normalized.png
Saved comparison plot: test_all_vars_5x5x5_opt_results_normalized/U_SYMGT5/sample_115_comparison_slices_denormalized.png
Saved VTI file: test_all_vars_5x5x5_opt_results_normalized/U_SYMGT5/vti_files/sample_115_original_normalized.vti
Saved VTI file: test_all_vars_5x5x5_opt_results_normalized/U_SYMGT5/vti_files/sample_115_reconstructed_normalized.vti
Saved VTI file: test_all_vars_5x5x5_opt_results_normalized/U_SYMGT5/vti_files/sample_115_error_normalized.vti
  Sample 1/5 for U_SYMGT5:
    Normalized (log pos) range: [-13.122363, -3.959841]
    Denormalized (original) range: [0.897520, 0.916584]
    MSE (on denormalized): 0.134014
    PSNR (on denormalized): 27.97 dB
    MAE (on denormalized): 0.307291
    Mean Relative Error: 6.30%
    ✓ Saved VTI files in normalized (log pos) scale
Saved comparison plot: test_all_vars_5x5x5_opt_results_normalized/U_SYMGT5/sample_116_comparison_slices_normalized.png
Saved comparison plot: test_all_vars_5x5x5_opt_results_normalized/U_SYMGT5/sample_116_comparison_slices_denormalized.png
Saved VTI file: test_all_vars_5x5x5_opt_results_normalized/U_SYMGT5/vti_files/sample_116_original_normalized.vti
Saved VTI file: test_all_vars_5x5x5_opt_results_normalized/U_SYMGT5/vti_files/sample_116_reconstructed_normalized.vti
Saved VTI file: test_all_vars_5x5x5_opt_results_normalized/U_SYMGT5/vti_files/sample_116_error_normalized.vti
  Sample 2/5 for U_SYMGT5:
    Normalized (log pos) range: [-13.122363, -4.968134]
    Denormalized (original) range: [0.953090, 0.960044]
    MSE (on denormalized): 0.091953
    PSNR (on denormalized): 28.59 dB
    MAE (on denormalized): 0.229672
    Mean Relative Error: 3.80%
    ✓ Saved VTI files in normalized (log pos) scale
Saved comparison plot: test_all_vars_5x5x5_opt_results_normalized/U_SYMGT5/sample_117_comparison_slices_normalized.png
Saved comparison plot: test_all_vars_5x5x5_opt_results_normalized/U_SYMGT5/sample_117_comparison_slices_denormalized.png
  Sample 3/5 for U_SYMGT5:
    Normalized (log pos) range: [-13.122363, -4.486438]
    Denormalized (original) range: [0.909898, 0.921157]
    MSE (on denormalized): 0.066214
    PSNR (on denormalized): 30.52 dB
    MAE (on denormalized): 0.201688
    Mean Relative Error: 3.87%
Saved comparison plot: test_all_vars_5x5x5_opt_results_normalized/U_SYMGT5/sample_118_comparison_slices_normalized.png
Saved comparison plot: test_all_vars_5x5x5_opt_results_normalized/U_SYMGT5/sample_118_comparison_slices_denormalized.png
  Sample 4/5 for U_SYMGT5:
    Normalized (log pos) range: [-13.122363, -5.116691]
    Denormalized (original) range: [0.970733, 0.976727]
    MSE (on denormalized): 0.041220
    PSNR (on denormalized): 31.92 dB
    MAE (on denormalized): 0.158595
    Mean Relative Error: 2.72%
Saved comparison plot: test_all_vars_5x5x5_opt_results_normalized/U_SYMGT5/sample_119_comparison_slices_normalized.png
Saved comparison plot: test_all_vars_5x5x5_opt_results_normalized/U_SYMGT5/sample_119_comparison_slices_denormalized.png
  Sample 5/5 for U_SYMGT5:
    Normalized (log pos) range: [-13.122363, -5.285614]
    Denormalized (original) range: [1.000368, 1.005430]
    MSE (on denormalized): 0.063884
    PSNR (on denormalized): 29.83 dB
    MAE (on denormalized): 0.173127
    Mean Relative Error: 2.64%

==================================================
🎯 FINAL VALIDATION METRICS (5x5x5 MODEL):
==================================================
📊 Metrics on NORMALIZED data (what model optimizes):
Average MSE: 0.059287
Average PSNR: inf dB
Average MAE: 0.181657
Average Correlation: nan
Average Error Range: [-0.309386, 1.004256]

📊 RELATIVE ERROR ANALYSIS:
Mean Relative Error: 3.64%
Max Relative Error: 15.90%
Median Relative Error: 3.19%
95th Percentile Relative Error: 7.85%
99th Percentile Relative Error: 11.20%
Global Relative Error (norm-based): 4.03%
RMS Relative Error: 4.42%

==================================================
📊 PER-VARIABLE METRICS:
==================================================

Metrics by variable (sorted by MSE, best to worst):
Variable        MSE          PSNR (dB)    MAE          Mean Rel Err    Samples   
-------------------------------------------------------------------------------------
U_B1            0.020531     26.74        0.104520     1.18           % 5         
U_B2            0.026322     inf          0.121532     1.12           % 5         
U_SYMAT2        0.027859     17.80        0.124300     1.39           % 5         
U_B0            0.030165     15.23        0.128745     1.80           % 5         
U_K             0.032664     17.03        0.147164     2.07           % 5         
U_SYMGT4        0.039702     inf          0.150312     2.25           % 5         
U_GT2           0.044049     19.55        0.162187     2.24           % 5         
U_SYMGT3        0.050134     inf          0.183151     3.64           % 5         
U_SYMAT5        0.050142     20.27        0.180746     3.61           % 5         
U_BETA2         0.050372     14.25        0.165221     2.41           % 5         
U_SYMAT4        0.051886     21.57        0.173663     2.65           % 5         
U_GT1           0.055125     inf          0.186894     2.75           % 5         
U_ALPHA         0.055615     31.54        0.159241     3.36           % 5         
U_CHI           0.059166     31.59        0.178562     3.75           % 5         
U_SYMAT1        0.061021     20.88        0.179692     3.16           % 5         
U_SYMAT0        0.063832     31.12        0.195009     3.91           % 5         
U_BETA1         0.065441     27.65        0.210298     3.69           % 5         
U_BETA0         0.067663     17.82        0.201838     3.31           % 5         
U_SYMGT2        0.068604     5.97         0.196325     2.67           % 5         
U_SYMGT5        0.079457     29.76        0.214074     3.86           % 5         
U_SYMGT0        0.087422     26.17        0.227778     3.80           % 5         
U_SYMGT1        0.097537     29.75        0.256055     5.85           % 5         
U_GT0           0.102709     30.00        0.256119     5.78           % 5         
U_SYMAT3        0.135472     29.85        0.256341     17.19          % 5         

✅ Best performing variable: U_B1 (MSE: 0.020531)
❌ Worst performing variable: U_SYMAT3 (MSE: 0.135472)

🚀 COMPRESSION/DECOMPRESSION SPEED ANALYSIS:
Device: CUDA
Batch Size: 32
Total Batches Tested: 3

💾 Data Sizes:
  Original sample: 500 bytes (0.5 KB)
  Compressed (latent): 64 bytes
  Compression ratio: 7.8:1

⚡ COMPRESSION (Encoding) Speed:
  Average: 0.168 ± 0.001 GBps
  Range: 0.167 - 0.168 GBps
  Average time: 0.10 ± 0.00 ms

🔓 DECOMPRESSION (Decoding) Speed:
  Average: 0.166 ± 0.008 GBps
  Range: 0.154 - 0.172 GBps
  Average time: 0.10 ± 0.00 ms

🎯 COMPRESSION COMPARISON:
7x7x7 Model: 21.4:1 compression ratio
5x5x5 Model: 7.8:1 compression ratio
Trade-off: Lower compression but potentially better reconstruction quality
Compression Ratio: 15.6:1

🎯 TEST RESULTS (5% held-out set) saved in: test_all_vars_5x5x5_opt_results_normalized
✅ Unbiased evaluation completed on 120 test samples NEVER seen during training
📊 Generated dual comparison plots (normalized + denormalized) for all 120 test samples
🗂️ VTI files saved for first 2 samples of each variable
🌍 Tested 5 samples for each of 24 variables
🚀 Speed benchmarking completed on 3 batches:
   Compression: 0.168 GBps
   Decompression: 0.166 GBps
🔒 Test set is deterministic (seed=42) - same samples across all evaluation runs
Inference completed!
Results saved in: test_all_vars_5x5x5_opt_results_normalized

📊 To run inference on different architectures:
   MLP: sbatch --export=MODEL_PATH=./save/swae_all_vars_5x5x5_opt_mlp/best_model.pth,ARCH=mlp,OUTPUT_DIR=results_mlp inference_swae_all_variables_validation_5x5x5_opt.sbatch
   gMLP: sbatch --export=MODEL_PATH=./save/swae_all_vars_5x5x5_opt_gmlp/best_model.pth,ARCH=gmlp,OUTPUT_DIR=results_gmlp inference_swae_all_variables_validation_5x5x5_opt.sbatch
   Conv: sbatch --export=MODEL_PATH=./save/swae_all_vars_5x5x5/best_model.pth,ARCH=conv,OUTPUT_DIR=results_conv inference_swae_all_variables_validation_5x5x5_opt.sbatch

🔢 To run with Float8 quantization (MLP/gMLP only):
   Add --use-float8 flag to python command, or set USE_FLOAT8=true in sbatch export
   Example: sbatch --export=MODEL_PATH=./save/swae_all_vars_5x5x5_opt_mlp/best_model.pth,ARCH=mlp,OUTPUT_DIR=results_mlp_float8,USE_FLOAT8=true inference_swae_all_variables_validation_5x5x5_opt.sbatch
